Country,Year,MIN_Temp,MAX_Temp,AVG_Temp
Afghanistan,2010,-8.3,31.2,2.4
Afghanistan,2011,-3.7,35.7,4.9
Afghanistan,2012,-5.2,36.9,0.7
Afghanistan,2013,-2.1,32.8,29.5
Afghanistan,2014,-9.8,37.4,27.8
Afghanistan,2015,-4.5,34.6,25.3
Afghanistan,2016,-6.9,30.4,32.1
Afghanistan,2017,-1.5,33.9,30.6
Afghanistan,2018,-7.4,37.9,28.2
Afghanistan,2019,-0.8,34.1,5.8
Albania,2010,-3.2,29.8,5.6
Albania,2011,0.5,32.1,6.8
Albania,2012,-1.8,30.7,4.3
Albania,2013,-4.7,31.5,25.9
Albania,2014,1.3,33.2,26.5
Albania,2015,-0.9,28.9,27.2
Albania,2016,-2.5,34.6,28.7
Albania,2017,-4.1,29.6,29.4
Albania,2018,-1.1,31.8,25.1
Albania,2019,-3.9,28.4,4.9
Algeria,2010,4.3,36.2,10.2
Algeria,2011,8.9,41.8,14.8
Algeria,2012,6.1,43.5,9.5
Algeria,2013,2.7,39.7,32.1
Algeria,2014,9.8,44.3,29.6
Algeria,2015,5.5,42.5,26.7
Algeria,2016,7.2,38.9,35.3
Algeria,2017,3.9,40.6,30.8
Algeria,2018,8.3,43.1,28.4
Algeria,2019,1.5,37.4,12.7
American Samoa,2010,25.3,29.7,26.8
American Samoa,2011,23.9,31.8,29.5
American Samoa,2012,26.1,30.5,30.1
American Samoa,2013,24.7,28.9,25.7
American Samoa,2014,26.8,32.2,28.3
American Samoa,2015,25.5,29.4,31.2
American Samoa,2016,27.2,31.1,27.9
American Samoa,2017,23.5,33,30.8
American Samoa,2018,25.8,28.4,29.1
American Samoa,2019,26.6,30.9,26.5
Andorra,2010,-3.2,28.2,2.4
Andorra,2011,-1.9,24.7,4.8
Andorra,2012,-0.5,21.3,0.7
Andorra,2013,-4.7,19.8,22.5
Andorra,2014,0.1,26.5,16.8
Andorra,2015,-2.8,20.4,10.3
Andorra,2016,-4.3,23.1,14.1
Andorra,2017,-0.9,29.3,19.6
Andorra,2018,-2.1,17.9,8.2
Andorra,2019,-4.5,27.6,5.5
Angola,2010,12.8,28.4,17.3
Angola,2011,10.5,27.1,19.8
Angola,2012,14.2,26.8,21.1
Angola,2013,13.7,29.5,16.5
Angola,2014,11.9,25.7,22.7
Angola,2015,14.5,30.2,18.4
Angola,2016,10.9,27.9,23.9
Angola,2017,12.3,26.3,20.2
Angola,2018,13.1,29.8,19.1
Angola,2019,11.4,25.9,18.9
Antigua And Barbuda,2010,21.3,29.5,23.2
Antigua And Barbuda,2011,20.7,28.3,23.8
Antigua And Barbuda,2012,20.1,29,22.9
Antigua And Barbuda,2013,22,28.7,24.5
Antigua And Barbuda,2014,20.5,30.2,24.1
Antigua And Barbuda,2015,21.8,29.8,23.7
Antigua And Barbuda,2016,20.3,27.9,22.5
Antigua And Barbuda,2017,21.5,28.5,24.2
Antigua And Barbuda,2018,20.9,29.3,23.6
Antigua And Barbuda,2019,22.4,27.6,24.8
Argentina,2010,6.7,30.8,12.3
Argentina,2011,2.2,37.2,27.8
Argentina,2012,9.9,34.5,22.1
Argentina,2013,0.5,26.9,18.6
Argentina,2014,12.1,18.2,9.4
Argentina,2015,8.3,31.7,29.5
Argentina,2016,3.6,39,7.8
Argentina,2017,14.8,28.5,32
Argentina,2018,7,16.7,16.5
Argentina,2019,11.3,33.1,27.2
Armenia,2010,-8.9,33.2,-2.3
Armenia,2011,-7.2,30.8,0.8
Armenia,2012,-9.5,34.5,-4.5
Armenia,2013,-6.1,32.1,21.6
Armenia,2014,-8.3,31.6,28.3
Armenia,2015,-9.8,30.2,16.9
Armenia,2016,-7.6,34.8,25.4
Armenia,2017,-6.9,32.9,19.2
Armenia,2018,-5.3,33.7,-1.7
Armenia,2019,-7.8,30.5,22.8
Aruba,2010,24.3,32.7,27.3
Aruba,2011,23.8,33.4,28.5
Aruba,2012,24.9,31.9,26.8
Aruba,2013,23.2,30.8,29.1
Aruba,2014,24.7,33.2,25.7
Aruba,2015,24.1,31.5,27.9
Aruba,2016,23.6,32.1,28.2
Aruba,2017,24.5,30.5,26.4
Aruba,2018,24,33.8,25.9
Aruba,2019,23.5,31.2,29.8
Australia,2010,6.3,27.8,13.2
Australia,2011,9.1,34.5,24.5
Australia,2012,7.8,31.2,19.8
Australia,2013,5.5,29.6,22.3
Australia,2014,8.2,31.8,9.7
Australia,2015,9.8,33,29.1
Australia,2016,6.7,30.3,16.4
Australia,2017,7.3,32.7,20.9
Australia,2018,9.5,35.2,25.6
Australia,2019,5.9,29.9,11.8
Austria,2010,-3.2,32.1,1.8
Austria,2011,-8.9,27.8,21.6
Austria,2012,-5.5,31.5,22.4
Austria,2013,-6.7,26.2,18.3
Austria,2014,-4.1,33,3.7
Austria,2015,-9.6,29.6,19.5
Austria,2016,-7.8,34.2,23.2
Austria,2017,-4.5,31.9,2.4
Austria,2018,-7,27.4,24.8
Austria,2019,-2.3,30.8,0.5
Azerbaijan,2010,1.2,33,4.7
Azerbaijan,2011,-2.8,32.5,28.1
Azerbaijan,2012,2.6,30.8,6.3
Azerbaijan,2013,-3.5,34.2,23.5
Azerbaijan,2014,0.9,30.5,27.8
Azerbaijan,2015,-4.2,31.9,4.2
Azerbaijan,2016,4.3,33.6,29.4
Azerbaijan,2017,0.3,34.8,7.9
Azerbaijan,2018,-1.9,32.1,26.5
Azerbaijan,2019,3.7,30.3,5.8
Bahamas,2010,20.2,33.2,22.3
Bahamas,2011,19.8,30.5,24.8
Bahamas,2012,21.3,31.8,21.6
Bahamas,2013,19.5,29.6,26.2
Bahamas,2014,20.9,34.1,23.5
Bahamas,2015,21.8,32.7,29.1
Bahamas,2016,19.3,30.8,20.7
Bahamas,2017,20.5,33.5,27.9
Bahamas,2018,21,31.2,22.9
Bahamas,2019,18.7,34.9,25.4
Bahrain,2010,14.2,39.2,17.8
Bahrain,2011,11.9,36.8,19.2
Bahrain,2012,13.5,37.5,16.5
Bahrain,2013,12.7,38.1,18.3
Bahrain,2014,14.8,35.9,21
Bahrain,2015,13.1,37.3,19.8
Bahrain,2016,10.8,36.5,16.9
Bahrain,2017,10.4,38.6,17.4
Bahrain,2018,11.3,35.7,18.7
Bahrain,2019,12,39.8,19.5
Bangladesh,2010,7.2,33.2,14.5
Bangladesh,2011,8.9,38.5,17.8
Bangladesh,2012,6.5,31.7,12.3
Bangladesh,2013,9.7,39.1,19.1
Bangladesh,2014,6.1,34.8,16.7
Bangladesh,2015,8.5,36.2,21.2
Bangladesh,2016,5.8,30.5,18.9
Bangladesh,2017,7.4,32.9,13.6
Bangladesh,2018,9.2,37.6,15.4
Bangladesh,2019,5.3,35.3,20.3
Barbados,2010,23.8,31.2,27.2
Barbados,2011,24.5,32.5,26.8
Barbados,2012,22.9,30.8,25.7
Barbados,2013,24.2,31.7,28.3
Barbados,2014,23.1,30.3,27.5
Barbados,2015,22.5,33,25.9
Barbados,2016,24,32.1,26.4
Barbados,2017,23.5,30.5,27.9
Barbados,2018,22.7,31.9,28.6
Barbados,2019,24.8,30.2,26.1
Belarus,2010,-7.6,26.8,-3.2
Belarus,2011,-9.8,28.3,-2.1
Belarus,2012,-6.3,25.7,-4.7
Belarus,2013,-8.2,27.5,-1.5
Belarus,2014,-5.5,25.1,-2.8
Belarus,2015,-7,27.2,-0.9
Belarus,2016,-6.9,26.4,-4.3
Belarus,2017,-6.1,29,-1.2
Belarus,2018,-8.5,28.7,-0.5
Belarus,2019,-9.2,26.9,-3.9
Belgium,2010,-2.3,27.8,3.2
Belgium,2011,-3.8,26.3,1.8
Belgium,2012,-1.5,28.5,4.5
Belgium,2013,-4.2,25.9,5.7
Belgium,2014,-0.9,29.6,2.4
Belgium,2015,-2.7,27.2,0.9
Belgium,2016,-4.5,26.8,4.1
Belgium,2017,-1.2,30.1,3.6
Belgium,2018,-3,28.9,2
Belgium,2019,-0.5,25.5,5.3
Belize,2010,17.2,32.4,22.3
Belize,2011,18.9,33.8,24.8
Belize,2012,19.5,30.5,21.6
Belize,2013,16.8,31.7,26.2
Belize,2014,19.1,30.3,23.5
Belize,2015,16.5,34,29.1
Belize,2016,17.8,32.1,20.7
Belize,2017,18.3,30.5,27.9
Belize,2018,18.1,33.9,22.9
Belize,2019,19.7,31.2,25.4
Benin,2010,32.5,22.3,29.4
Benin,2011,31.2,24.5,26.8
Benin,2012,33.8,21.6,28.5
Benin,2013,30.5,23.8,30.2
Benin,2014,31.7,20.9,27.6
Benin,2015,30.3,22.5,25.9
Benin,2016,34,24,31.7
Benin,2017,32.1,21.2,29.1
Benin,2018,33.9,23.5,27.3
Benin,2019,31.5,22,30.8
Bhutan,2010,-7.2,28.5,2.3
Bhutan,2011,-9.8,27.2,7.8
Bhutan,2012,-6.5,29.8,3.5
Bhutan,2013,-8.1,26.5,5.1
Bhutan,2014,-5.9,28.1,8.9
Bhutan,2015,-4.3,25.4,12.4
Bhutan,2016,-6.7,27.9,9.7
Bhutan,2017,-8.4,30.2,6.2
Bhutan,2018,-7.6,29.6,4.6
Bhutan,2019,-9.1,26.9,10.3
Bolivia,2010,13.2,32.8,22.3
Bolivia,2011,11.9,31.2,17.8
Bolivia,2012,10.5,34.5,28.5
Bolivia,2013,9.7,30.8,12.1
Bolivia,2014,14.8,31.7,31.6
Bolivia,2015,12.5,33,23.9
Bolivia,2016,10.8,30.3,8.7
Bolivia,2017,11.4,32.1,26.4
Bolivia,2018,12,31.9,19.5
Bolivia,2019,14.7,30.2,33.2
Bosnia and Herzegovina,2010,-7.2,27.2,0.2
Bosnia and Herzegovina,2011,-8.9,28.5,4.5
Bosnia and Herzegovina,2012,-6.5,25.8,-1.8
Bosnia and Herzegovina,2013,-9.7,26.7,3.1
Bosnia and Herzegovina,2014,-6.1,25.1,2.7
Bosnia and Herzegovina,2015,-7.8,27.3,1.5
Bosnia and Herzegovina,2016,-6.9,26.4,-0.9
Bosnia and Herzegovina,2017,-6.1,29,0.8
Bosnia and Herzegovina,2018,-8.5,28.7,5.3
Bosnia and Herzegovina,2019,-9.2,26.9,2
Botswana,2010,5.2,38.5,14.2
Botswana,2011,7.9,35.2,21.8
Botswana,2012,3.5,37.8,17.5
Botswana,2013,8.1,31.5,23.1
Botswana,2014,6.7,33.1,19.7
Botswana,2015,4.4,39.8,26.4
Botswana,2016,9.7,36.7,11.7
Botswana,2017,6.9,34.9,22.9
Botswana,2018,5.6,32.6,15.6
Botswana,2019,7.3,30.3,20.3
Brazil,2010,23.2,32.5,24.7
Brazil,2011,22.5,31.2,27.8
Brazil,2012,21.8,34.8,22.5
Brazil,2013,12.3,30.5,31.2
Brazil,2014,14.7,31.7,16.9
Brazil,2015,13.5,33,29.3
Brazil,2016,24.8,37.8,23.6
Brazil,2017,11.9,32.1,34.1
Brazil,2018,14.1,33.9,20.4
Brazil,2019,20.3,35.3,26.8
Brunei,2010,24.2,32.8,29.2
Brunei,2011,26.5,34.2,27.8
Brunei,2012,25.8,31.5,30.5
Brunei,2013,23.7,30.1,25.9
Brunei,2014,27.1,29.4,31.7
Brunei,2015,24.9,33,26.4
Brunei,2016,25.6,30.7,28.9
Brunei,2017,23.4,32.9,25.3
Brunei,2018,26.3,34.6,30.1
Brunei,2019,24.8,31.2,27.5
Bulgaria,2010,-7.2,32.8,2.3
Bulgaria,2011,-9.8,31.2,4.5
Bulgaria,2012,-6.5,34.5,0.8
Bulgaria,2013,-8.1,30.8,-1.7
Bulgaria,2014,-5.9,31.7,3.2
Bulgaria,2015,-4.3,30.3,-0.5
Bulgaria,2016,-6.7,34,1.9
Bulgaria,2017,-8.4,32.1,-3.4
Bulgaria,2018,-7.6,33.9,5.1
Bulgaria,2019,-9.2,31.5,2.7
Burkina Faso,2010,18.2,31.2,26.2
Burkina Faso,2011,17.5,33.5,31.8
Burkina Faso,2012,19.8,32.8,22.5
Burkina Faso,2013,16.3,30.5,28.1
Burkina Faso,2014,18.7,31.7,33.7
Burkina Faso,2015,19.1,30.3,29.4
Burkina Faso,2016,17.6,34,21.9
Burkina Faso,2017,15.9,32.1,27.5
Burkina Faso,2018,16.7,33.9,24.6
Burkina Faso,2019,18.4,35.3,32.3
Burundi,2010,11.2,29.2,19.8
Burundi,2011,13.5,31.5,22.5
Burundi,2012,10.8,28.8,17.3
Burundi,2013,14.3,32.3,24.1
Burundi,2014,12.7,30.7,21.7
Burundi,2015,10.5,28.5,18.9
Burundi,2016,13.8,31.8,23.5
Burundi,2017,11.9,29.9,20.4
Burundi,2018,12.1,30.1,16.7
Burundi,2019,10.3,28.3,22.2
Cabo Verde,2010,20.2,31.8,25.6
Cabo Verde,2011,22.5,28.5,22.8
Cabo Verde,2012,19.8,33.2,28.4
Cabo Verde,2013,21.3,29.6,21.5
Cabo Verde,2014,23.1,32.1,26.7
Cabo Verde,2015,20.7,30.4,23.9
Cabo Verde,2016,22.1,28.9,27.2
Cabo Verde,2017,18.9,34.3,24.3
Cabo Verde,2018,24,27.6,29.8
Cabo Verde,2019,19.5,31,20.9
Cambodia,2010,18.2,33.8,26.4
Cambodia,2011,20.5,30.5,22.8
Cambodia,2012,19.8,35.2,28.5
Cambodia,2013,22.3,31.6,21.5
Cambodia,2014,21.1,32.1,29.7
Cambodia,2015,19.7,34.4,23.9
Cambodia,2016,21.9,30.9,27.2
Cambodia,2017,17.9,36.3,24.3
Cambodia,2018,24,29.6,31.8
Cambodia,2019,18.5,33,20.9
Cameroon,2010,18.2,33.8,26.4
Cameroon,2011,20.5,30.5,22.8
Cameroon,2012,19.8,35.2,28.5
Cameroon,2013,22.3,31.6,21.5
Cameroon,2014,21.1,32.1,29.7
Cameroon,2015,19.7,34.4,23.9
Cameroon,2016,21.9,30.9,27.2
Cameroon,2017,17.9,36.3,24.3
Cameroon,2018,24,29.6,31.8
Cameroon,2019,18.5,33,20.9
Canada,2010,-10.5,22.8,5.7
Canada,2011,-6.7,31.5,16.3
Canada,2012,-8.9,27.6,21.2
Canada,2013,-7.2,28.9,17.8
Canada,2014,-8.3,29.4,7.9
Canada,2015,-9.5,26.3,23.5
Canada,2016,-15.8,32.1,0.3
Canada,2017,-12.4,24.7,25.6
Canada,2018,-9.6,25.2,24.1
Canada,2019,-11.1,34,19.4
Central African Republic,2010,18.2,33.8,26.4
Central African Republic,2011,20.5,30.5,22.8
Central African Republic,2012,19.8,35.2,28.5
Central African Republic,2013,22.3,31.6,21.5
Central African Republic,2014,21.1,32.1,29.7
Central African Republic,2015,19.7,34.4,23.9
Central African Republic,2016,21.9,30.9,27.2
Central African Republic,2017,17.9,36.3,24.3
Central African Republic,2018,24,29.6,31.8
Central African Republic,2019,18.5,33,20.9
Chad,2010,17.2,36.8,27.4
Chad,2011,20.5,40.5,32.8
Chad,2012,19.8,38.2,26.5
Chad,2013,21.3,41.6,29.1
Chad,2014,23.1,39.1,34.7
Chad,2015,20.7,42.4,30.3
Chad,2016,22.1,40.9,28.2
Chad,2017,18.9,37.3,31.5
Chad,2018,24,44,25.9
Chad,2019,18.5,38.5,33.2
Chile,2010,12.2,29.8,18.3
Chile,2011,8.5,35.4,24.9
Chile,2012,6.8,26.5,12.5
Chile,2013,3.3,31.9,30.1
Chile,2014,10.1,22.3,9.7
Chile,2015,14.7,38,27.5
Chile,2016,1.9,33.7,7.2
Chile,2017,5.6,23.5,31.8
Chile,2018,9,37.2,17.1
Chile,2019,7.3,20.6,29.2
China,2010,-1.5,28.3,37.8
China,2011,-6.7,7.9,39.5
China,2012,-8.9,12.5,36.2
China,2013,-7.2,27.1,38.7
China,2014,-2.3,33.7,33.1
China,2015,-9.5,6.4,40.4
China,2016,-15.8,14.2,37.6
China,2017,-12.4,30.6,32.3
China,2018,-4.6,31.8,39.9
China,2019,-11.1,22.4,34.5
Colombia,2010,10.2,22.8,16.8
Colombia,2011,8.5,30.5,23.2
Colombia,2012,12.8,27.6,18.7
Colombia,2013,7.3,24.9,12.5
Colombia,2014,13.1,28.4,27.1
Colombia,2015,16.7,32.3,21.4
Colombia,2016,14.9,31.7,17.9
Colombia,2017,11.6,25.6,29.6
Colombia,2018,9.8,29.2,24.3
Colombia,2019,6.5,33,19.2
Comoros,2010,22.2,33.8,26.8
Comoros,2011,21.5,32.5,29.2
Comoros,2012,24.3,30.6,27.5
Comoros,2013,23.6,31.9,25.6
Comoros,2014,20.8,34.4,28.3
Comoros,2015,24.7,32.7,26.9
Comoros,2016,21.9,31.3,29.8
Comoros,2017,23,30.9,27.4
Comoros,2018,22.5,33.2,25.9
Comoros,2019,24.9,34,30.1
Costa Rica,2010,18.2,33.8,26.4
Costa Rica,2011,20.5,30.5,22.8
Costa Rica,2012,19.8,35.2,28.5
Costa Rica,2013,22.3,31.6,21.5
Costa Rica,2014,21.1,32.1,29.7
Costa Rica,2015,19.7,34.4,23.9
Costa Rica,2016,21.9,30.9,27.2
Costa Rica,2017,17.9,36.3,24.3
Costa Rica,2018,24,29.6,31.8
Costa Rica,2019,18.5,33,20.9
Croatia,2010,2.3,33.8,8.2
Croatia,2011,-8.5,30.5,28.7
Croatia,2012,-3.1,34.2,27.5
Croatia,2013,-6.7,31.6,9.8
Croatia,2014,1.8,32.1,25.4
Croatia,2015,-9.3,34.4,7.1
Croatia,2016,3.6,30.9,29.2
Croatia,2017,-7.2,36.3,28.3
Croatia,2018,-4.9,29.6,6.5
Croatia,2019,-0.5,33,25.9
Cuba,2010,18.2,33.8,26.4
Cuba,2011,20.5,30.5,22.8
Cuba,2012,19.8,35.2,28.5
Cuba,2013,22.3,31.6,21.5
Cuba,2014,21.1,32.1,29.7
Cuba,2015,19.7,34.4,23.9
Cuba,2016,21.9,30.9,27.2
Cuba,2017,17.9,36.3,24.3
Cuba,2018,24,29.6,31.8
Cuba,2019,18.5,33,20.9
CuraÃ§ao,2010,22.2,33.8,27.8
CuraÃ§ao,2011,21.5,32.5,29.2
CuraÃ§ao,2012,24.3,30.6,26.5
CuraÃ§ao,2013,23.6,31.9,25.6
CuraÃ§ao,2014,20.8,34.4,28.3
CuraÃ§ao,2015,24.7,32.7,26.9
CuraÃ§ao,2016,21.9,31.3,29.8
CuraÃ§ao,2017,23,30.9,27.4
CuraÃ§ao,2018,22.5,33.2,25.9
CuraÃ§ao,2019,24.9,34,30.1
Cyprus,2010,9.2,37.8,24.8
Cyprus,2011,7.5,35.5,19.2
Cyprus,2012,12.3,33.2,27.5
Cyprus,2013,6.8,36.6,16.5
Cyprus,2014,11.1,39.1,28.3
Cyprus,2015,8.7,34.7,18.9
Cyprus,2016,13.9,38.9,29.2
Cyprus,2017,5.6,32.6,17.4
Cyprus,2018,9,34,25.9
Cyprus,2019,7.3,36.5,20.1
Czech Republic,2010,-8.2,26.8,18.3
Czech Republic,2011,0.5,21.5,5.8
Czech Republic,2012,-4.3,19.2,22.5
Czech Republic,2013,-6.8,24.6,11.5
Czech Republic,2014,-1.1,29.1,20.7
Czech Republic,2015,3.7,18.7,-2.1
Czech Republic,2016,-9.9,22.9,16.2
Czech Republic,2017,-3.6,27.3,23.4
Czech Republic,2018,-7.1,20.8,8.9
Czech Republic,2019,-5.4,28.5,14.6
Democratic Republic of the Congo,2010,18.2,33.8,26.4
Democratic Republic of the Congo,2011,20.5,30.5,22.8
Democratic Republic of the Congo,2012,19.8,35.2,28.5
Democratic Republic of the Congo,2013,22.3,31.6,21.5
Democratic Republic of the Congo,2014,21.1,32.1,29.7
Democratic Republic of the Congo,2015,19.7,34.4,23.9
Democratic Republic of the Congo,2016,21.9,30.9,27.2
Democratic Republic of the Congo,2017,17.9,36.3,24.3
Democratic Republic of the Congo,2018,24,29.6,31.8
Democratic Republic of the Congo,2019,18.5,33,20.9
Denmark,2010,-1.2,22.8,12.3
Denmark,2011,3.5,18.5,8.7
Denmark,2012,-3.3,20.2,17.5
Denmark,2013,-0.8,24.6,6.5
Denmark,2014,2.1,17.1,19.7
Denmark,2015,0.7,23.7,10.9
Denmark,2016,-4.9,16.3,14.2
Denmark,2017,1.6,21.9,21.4
Denmark,2018,-2.4,19.8,4.9
Denmark,2019,4.3,25.4,16.6
Dominica,2010,22.2,33.8,27.8
Dominica,2011,21.5,32.5,29.2
Dominica,2012,24.3,30.6,26.5
Dominica,2013,23.6,31.9,25.6
Dominica,2014,20.8,34.4,28.3
Dominica,2015,24.7,32.7,26.9
Dominica,2016,21.9,31.3,29.8
Dominica,2017,23,30.9,27.4
Dominica,2018,22.5,33.2,25.9
Dominica,2019,24.9,34,30.1
Dominican Republic,2010,22.2,33.8,27.8
Dominican Republic,2011,21.5,32.5,29.2
Dominican Republic,2012,24.3,30.6,26.5
Dominican Republic,2013,23.6,31.9,25.6
Dominican Republic,2014,20.8,34.4,28.3
Dominican Republic,2015,24.7,32.7,26.9
Dominican Republic,2016,21.9,31.3,29.8
Dominican Republic,2017,23,30.9,27.4
Dominican Republic,2018,22.5,33.2,25.9
Dominican Republic,2019,24.9,34,30.1
Ecuador,2010,13.2,26.8,21.8
Ecuador,2011,15.5,24.5,16.7
Ecuador,2012,18.8,22.2,22.5
Ecuador,2013,12.3,27.6,18.3
Ecuador,2014,17.1,21.3,23.9
Ecuador,2015,11.7,25.7,19.6
Ecuador,2016,19.9,20.1,24.2
Ecuador,2017,14.6,25.4,17.8
Ecuador,2018,10.9,28.8,20.4
Ecuador,2019,16.4,23.5,23.1
Egypt,2010,12.2,38.8,24.8
Egypt,2011,15.5,42.5,29.2
Egypt,2012,18.8,40.2,27.5
Egypt,2013,14.3,37.6,21.5
Egypt,2014,10.1,43.1,32.3
Egypt,2015,17.7,39.7,26.9
Egypt,2016,19.9,41.3,31.8
Egypt,2017,13.6,38.9,27.4
Egypt,2018,11,44.8,23.9
Egypt,2019,16.4,40.5,30.1
El Salvador,2010,19.2,31.8,25.8
El Salvador,2011,17.5,29.5,21.7
El Salvador,2012,21.8,27.2,27.5
El Salvador,2013,20.3,28.6,23.6
El Salvador,2014,18.6,33.1,28.3
El Salvador,2015,22.1,30.7,22.9
El Salvador,2016,20.7,28.3,26.2
El Salvador,2017,18.9,29.9,24.4
El Salvador,2018,23,32.2,29.1
El Salvador,2019,20.6,27.5,26.5
England,2010,3.2,11.8,9.3
England,2011,1.5,15.5,12.7
England,2012,6.8,13.2,6.5
England,2013,4.3,17.6,11.2
England,2014,8.1,19.3,8.9
England,2015,2.7,14.9,13.4
England,2016,5.9,12.3,7.8
England,2017,7.6,16.8,10.1
England,2018,0.9,18.2,14.6
England,2019,3.5,10.4,5.7
Equatorial Guinea,2010,18.2,31.8,24.3
Equatorial Guinea,2011,20.5,30.5,21.7
Equatorial Guinea,2012,19.8,32.2,27.5
Equatorial Guinea,2013,22.3,31.6,23.6
Equatorial Guinea,2014,21.1,32.1,28.9
Equatorial Guinea,2015,19.7,34.4,22.9
Equatorial Guinea,2016,21.9,30.9,26.2
Equatorial Guinea,2017,17.9,36.3,24.4
Equatorial Guinea,2018,24,29.6,29.8
Equatorial Guinea,2019,18.5,33,26.5
Eritrea,2010,18.2,31.8,24.8
Eritrea,2011,17.5,30.5,21.7
Eritrea,2012,19.8,32.2,27.5
Eritrea,2013,22.3,31.6,23.6
Eritrea,2014,20.1,32.1,28.3
Eritrea,2015,19.7,34.4,22.9
Eritrea,2016,21.9,30.9,26.2
Eritrea,2017,18.9,33.3,24.4
Eritrea,2018,20,29.6,29.1
Eritrea,2019,18.5,33,26.5
Estonia,2010,0.2,20.8,8.2
Estonia,2011,-6.5,13.5,1.7
Estonia,2012,-2.8,16.2,11.5
Estonia,2013,3.6,19.6,5.6
Estonia,2014,-1.1,12.9,9.3
Estonia,2015,-4.5,15.3,2.9
Estonia,2016,2.2,18.7,7.2
Estonia,2017,-0.4,14.4,4.4
Estonia,2018,-3.9,17.9,10.1
Estonia,2019,1.5,22.3,6.5
Ethiopia,2010,7.2,31.8,20.3
Ethiopia,2011,11.5,29.5,18.7
Ethiopia,2012,8.8,32.2,23.5
Ethiopia,2013,13.6,31.6,17.2
Ethiopia,2014,9.1,32.1,21.8
Ethiopia,2015,12.4,34.4,16.9
Ethiopia,2016,10.7,30.9,19.6
Ethiopia,2017,6.9,36.3,22.4
Ethiopia,2018,14.2,29.6,18.1
Ethiopia,2019,11.9,33,24.7
Fiji,2010,17.2,32.8,26.3
Fiji,2011,20.5,30.5,23.7
Fiji,2012,18.8,33.2,28.5
Fiji,2013,22.3,31.6,22.2
Fiji,2014,19.1,32.1,27.8
Fiji,2015,21.7,34.4,21.9
Fiji,2016,20.4,30.9,25.6
Fiji,2017,16.9,36.3,23.4
Fiji,2018,23,29.6,28.1
Fiji,2019,20.6,33,24.5
Finland,2010,-2.3,18.8,7.2
Finland,2011,-6.5,13.5,1.7
Finland,2012,-1.8,16.2,11.5
Finland,2013,3.6,19.6,5.6
Finland,2014,-1.1,12.9,9.3
Finland,2015,-4.5,15.3,2.9
Finland,2016,0.2,18.7,7.8
Finland,2017,-0.4,14.4,4.4
Finland,2018,-3.9,17.9,10.1
Finland,2019,1.5,22.3,6.5
France,2010,4.2,26.8,14.2
France,2011,1.5,21.5,8.7
France,2012,7.8,28.2,18.5
France,2013,3.6,23.6,10.6
France,2014,5.1,27.1,16.8
France,2015,8.4,19.4,6.9
France,2016,0.9,24.9,13.4
France,2017,6.3,22.3,11.8
France,2018,2.7,29.7,17.3
France,2019,9.5,16.4,9.1
Gabon,2010,22.2,31.8,25.3
Gabon,2011,23.5,30.5,22.7
Gabon,2012,21.8,32.2,28.5
Gabon,2013,24.6,31.6,24.2
Gabon,2014,20.1,32.1,29.8
Gabon,2015,22.7,34.4,23.9
Gabon,2016,23.4,30.9,27.6
Gabon,2017,21.9,36.3,25.4
Gabon,2018,25,29.6,30.1
Gabon,2019,22.5,33,26.5
Gambia,2010,19.2,33.8,27.3
Gambia,2011,21.5,32.5,22.7
Gambia,2012,18.8,34.2,30.5
Gambia,2013,23.6,33.6,25.2
Gambia,2014,17.1,34.1,32.8
Gambia,2015,20.7,36.4,23.9
Gambia,2016,21.4,32.9,28.6
Gambia,2017,19.9,38.3,26.4
Gambia,2018,25,31.6,31.1
Gambia,2019,22.5,35,27.5
Georgia,2010,2.2,28.8,14.2
Georgia,2011,5.5,23.5,9.7
Georgia,2012,0.8,26.2,18.5
Georgia,2013,8.6,29.6,11.6
Georgia,2014,3.1,22.9,16.8
Georgia,2015,6.4,25.3,6.9
Georgia,2016,-0.9,28.7,13.4
Georgia,2017,4.3,24.4,11.8
Georgia,2018,1.7,27.9,17.3
Georgia,2019,7.5,32.3,9.1
Germany,2010,-2.3,26.8,14.2
Germany,2011,-6.5,21.5,8.7
Germany,2012,-1.8,28.2,18.5
Germany,2013,3.6,23.6,10.6
Germany,2014,-1.1,27.1,16.8
Germany,2015,-4.5,19.4,6.9
Germany,2016,0.2,24.9,13.4
Germany,2017,-0.4,22.3,11.8
Germany,2018,-3.9,29.7,17.3
Germany,2019,1.5,16.4,9.1
Ghana,2010,22.3,39.8,27.4
Ghana,2011,24.5,36.5,31.1
Ghana,2012,28.1,31.2,28.9
Ghana,2013,21.7,37.6,26.5
Ghana,2014,26.8,35.1,33.2
Ghana,2015,23.5,38.4,29.8
Ghana,2016,29,32.9,25.7
Ghana,2017,25.6,33.7,34.6
Ghana,2018,27.9,34.8,30.3
Ghana,2019,20.4,31.9,32.8
Greece,2010,7.2,28.8,16.8
Greece,2011,10.5,25.5,12.3
Greece,2012,6.8,29.2,18.5
Greece,2013,9.6,26.6,14.6
Greece,2014,12.1,31.1,20.2
Greece,2015,8.5,27.5,11.9
Greece,2016,11,30,17.4
Greece,2017,7.9,28.4,15.8
Greece,2018,13.4,32.9,19.3
Greece,2019,5.9,24.1,13.1
Grenada,2010,22.3,30.7,26.8
Grenada,2011,23.8,29.4,27.5
Grenada,2012,21.5,31.9,29.2
Grenada,2013,24.6,28.8,25.9
Grenada,2014,20.7,33.2,28.3
Grenada,2015,23,32.1,26.7
Grenada,2016,22.1,30.5,27.8
Grenada,2017,24.9,28.4,29.5
Grenada,2018,21.2,32.9,25.6
Grenada,2019,23.5,29.8,28.1
Guam,2010,23.6,34.2,28.1
Guam,2011,27.2,29.8,26.9
Guam,2012,24.8,32.5,31.5
Guam,2013,25.9,30.3,29.3
Guam,2014,26.5,28.6,27.8
Guam,2015,23,34.9,30.6
Guam,2016,22.4,29.5,26.7
Guam,2017,27.8,33.1,32
Guam,2018,24.2,31.8,25.4
Guam,2019,22.9,28.3,31.2
Guatemala,2010,15.6,25.8,19.3
Guatemala,2011,13.8,22.6,22.5
Guatemala,2012,17.2,27.3,18.7
Guatemala,2013,19.7,20.9,23.1
Guatemala,2014,11.5,23.5,17.9
Guatemala,2015,18.3,26.1,21.4
Guatemala,2016,14.9,21.7,16.8
Guatemala,2017,16.4,28.5,24.2
Guatemala,2018,12.7,24.8,20.5
Guatemala,2019,18.9,29.2,18.2
Guinea,2010,22.3,39.8,29.8
Guinea,2011,28.5,32.5,27.5
Guinea,2012,24.9,36.1,31.2
Guinea,2013,25.6,31.6,26.9
Guinea,2014,21.8,37.2,33.4
Guinea,2015,23,38.9,28.6
Guinea,2016,27.2,30.7,32.7
Guinea,2017,29,35.3,25.3
Guinea,2018,20.4,33.9,30.5
Guinea,2019,26.7,34.6,34.1
Guinea-Bissau,2010,21.5,32.3,26.8
Guinea-Bissau,2011,23.2,31.5,28.5
Guinea-Bissau,2012,22.8,30.8,27.1
Guinea-Bissau,2013,24.6,33.2,29.3
Guinea-Bissau,2014,20.9,34.1,25.7
Guinea-Bissau,2015,23.7,32.6,26.9
Guinea-Bissau,2016,22.1,31.9,27.8
Guinea-Bissau,2017,24,30.5,29.1
Guinea-Bissau,2018,21.3,33.5,28.2
Guinea-Bissau,2019,20.5,30.1,25.4
Guyana,2010,25.2,32.1,27.8
Guyana,2011,27.9,30.8,30.5
Guyana,2012,23.8,29.5,26.9
Guyana,2013,24.6,31.2,28.3
Guyana,2014,22.5,33,29.1
Guyana,2015,26.1,28.7,25.7
Guyana,2016,24.3,32.5,30.2
Guyana,2017,27.2,29.3,27.4
Guyana,2018,23.5,33.5,29.8
Guyana,2019,25.8,30.6,26.5
Haiti,2010,22.5,30.2,26.8
Haiti,2011,24.7,28.9,28.5
Haiti,2012,21.8,32.5,27.1
Haiti,2013,23.3,26.4,29.3
Haiti,2014,25.1,34.1,25.7
Haiti,2015,20.9,31.6,26.9
Haiti,2016,22.3,29.8,27.8
Haiti,2017,24,33.2,29.1
Haiti,2018,21.5,27.9,28.2
Haiti,2019,23.7,30.5,25.4
Honduras,2010,19.2,32.1,27.8
Honduras,2011,21.8,30.8,30.5
Honduras,2012,23.5,29.5,26.9
Honduras,2013,17.6,31.2,28.3
Honduras,2014,22.1,33,29.1
Honduras,2015,20.3,28.7,25.7
Honduras,2016,16.9,32.5,30.2
Honduras,2017,24.4,29.3,27.4
Honduras,2018,18.7,33.5,29.8
Honduras,2019,23,30.6,26.5
Hong Kong,2010,14.2,30.2,25.3
Hong Kong,2011,16.8,28.8,22.1
Hong Kong,2012,12.5,27.5,28.9
Hong Kong,2013,17.9,31.4,20.5
Hong Kong,2014,15.6,29.9,26.8
Hong Kong,2015,13.7,26.3,23.7
Hong Kong,2016,18.3,32.1,29.2
Hong Kong,2017,14.9,28.7,24.9
Hong Kong,2018,16.2,30.5,27.6
Hong Kong,2019,13.5,27.8,30.1
Hungary,2010,0.3,30.1,14.2
Hungary,2011,-3.2,25.8,19.5
Hungary,2012,1.9,19.7,8.9
Hungary,2013,-2.7,32.5,21.3
Hungary,2014,4.5,16.4,12.7
Hungary,2015,-0.9,28.9,24.6
Hungary,2016,3.1,22.3,3.8
Hungary,2017,-4.6,33.8,17.6
Hungary,2018,0.8,18.2,22.1
Hungary,2019,-1.5,27.6,10.4
Iceland,2010,-2.1,13.2,4.5
Iceland,2011,1.5,9.8,9.2
Iceland,2012,-0.7,7.5,1.8
Iceland,2013,-1.9,14.3,6.3
Iceland,2014,0.3,8.1,3.7
Iceland,2015,-2.5,12.7,10.1
Iceland,2016,1.8,10.5,-0.4
Iceland,2017,-3.3,6.9,8.6
Iceland,2018,0.9,15,2.3
Iceland,2019,-1.6,11.4,5.9
India,2010,13.5,38.2,24.3
India,2011,17.8,32.9,27.9
India,2012,15.2,44.5,22.1
India,2013,11.9,31.6,29.5
India,2014,18.6,36.8,25.7
India,2015,14.7,42.1,21.8
India,2016,12.3,33.7,26.6
India,2017,16.4,39.4,23.4
India,2018,19.1,43.2,28.2
India,2019,10.8,30.5,20.9
Indonesia,2010,29.8,25.2,27.3
Indonesia,2011,33.2,23.8,29.1
Indonesia,2012,31.5,26.7,26.8
Indonesia,2013,28.6,24.5,30.5
Indonesia,2014,32.7,27.9,28.9
Indonesia,2015,27.4,23.1,25.7
Indonesia,2016,30.1,25.6,31.2
Indonesia,2017,34.5,22.4,26.4
Indonesia,2018,29.9,28.3,30.8
Indonesia,2019,31.8,24.9,27.6
Iran,2010,0.5,35.2,13.2
Iran,2011,12.3,28.9,17.9
Iran,2012,3.8,31.5,9.8
Iran,2013,9.2,38.1,21.4
Iran,2014,-3.4,22.3,6.5
Iran,2015,6.9,29.8,23.1
Iran,2016,14.6,37.6,11.7
Iran,2017,-0.9,25.7,19.3
Iran,2018,11,39.4,8.6
Iran,2019,4.7,21,24.8
Iraq,2010,8.7,45.8,25.3
Iraq,2011,17.5,35.2,15.8
Iraq,2012,11.2,48.5,28.6
Iraq,2013,6.3,31.7,12.4
Iraq,2014,19.8,42.3,32.1
Iraq,2015,13.6,37.6,19.7
Iraq,2016,8.9,46.9,22.5
Iraq,2017,15.1,33.8,31
Iraq,2018,4.2,50,17.2
Iraq,2019,10.5,29.4,26.9
Ireland,2010,2.3,18.7,9.2
Ireland,2011,1.5,12.9,7.6
Ireland,2012,8.1,15.6,12.3
Ireland,2013,5.6,11.2,6.8
Ireland,2014,3.9,17.3,10.5
Ireland,2015,7,19.8,13.7
Ireland,2016,0.8,13.5,8.9
Ireland,2017,4.5,16.4,11.2
Ireland,2018,9.8,10.9,5.4
Ireland,2019,6.2,14.2,14.6
Israel,2010,9.2,34.7,20.3
Israel,2011,7.6,29.1,14.9
Israel,2012,13.4,36.5,25.6
Israel,2013,10.1,32.2,12.7
Israel,2014,6.8,27.8,18.5
Israel,2015,12.3,30.6,22.1
Israel,2016,4.5,38.4,27.8
Israel,2017,8.9,26.9,16.4
Israel,2018,14.6,39.7,29.2
Israel,2019,11.2,31.5,11.8
Italy,2010,4.2,32.1,16.3
Italy,2011,10.5,23.6,9.7
Italy,2012,6.8,28.9,21.5
Italy,2013,2.3,30.5,13.2
Italy,2014,8.1,26.4,18.6
Italy,2015,11.2,34.7,22.8
Italy,2016,13.6,20.3,6.9
Italy,2017,0.8,31.8,24.4
Italy,2018,5.6,25.7,11.5
Italy,2019,7,29,19.9
Ivory Coast,2010,24.5,33.7,27.3
Ivory Coast,2011,23.8,31.8,31.2
Ivory Coast,2012,26,29.5,26.8
Ivory Coast,2013,27.2,34.2,30.5
Ivory Coast,2014,25.6,30.9,29.1
Ivory Coast,2015,22.9,28.7,25.9
Ivory Coast,2016,27.8,32.6,32
Ivory Coast,2017,23.4,33,26.7
Ivory Coast,2018,28.1,28.4,30.8
Ivory Coast,2019,25.2,29.8,28.6
Jamaica,2010,23.5,32.5,27.8
Jamaica,2011,24.2,29.8,29.3
Jamaica,2012,26,30.9,26.5
Jamaica,2013,25.1,28.6,25.9
Jamaica,2014,23.9,31.2,28.7
Jamaica,2015,27.4,27.9,25.4
Jamaica,2016,24.8,29.3,30.1
Jamaica,2017,26.5,33,26.8
Jamaica,2018,22.7,28.2,29.6
Jamaica,2019,25.8,32.1,27.2
Japan,2010,5.2,31.7,14.2
Japan,2011,8.7,26.5,22.8
Japan,2012,1.8,29.8,18.6
Japan,2013,7.5,32.1,12.9
Japan,2014,4.3,27.6,20.4
Japan,2015,3.1,34.2,16.7
Japan,2016,9.9,28.9,23.5
Japan,2017,6.4,25.3,11.3
Japan,2018,2.6,30.5,19.8
Japan,2019,0.9,33.8,24.6
Jordan,2010,9.2,34.2,17.3
Jordan,2011,7.5,27.6,21.8
Jordan,2012,10.8,36.8,14.5
Jordan,2013,13.1,29.1,19.2
Jordan,2014,6.3,32.7,23.6
Jordan,2015,12.4,38.4,12.9
Jordan,2016,8.7,26.8,20.4
Jordan,2017,11.5,31.2,16.7
Jordan,2018,14.6,37.5,22.1
Jordan,2019,5.9,30.3,18.8
Kazakhstan,2010,-8.2,30.4,12.3
Kazakhstan,2011,-11.5,27.9,5.6
Kazakhstan,2012,-13.7,32.1,20.1
Kazakhstan,2013,-9.8,28.6,0.8
Kazakhstan,2014,-6.4,31.2,17.9
Kazakhstan,2015,-12.1,26.8,9.4
Kazakhstan,2016,-14.9,33.5,22.7
Kazakhstan,2017,-7.6,29.3,3.2
Kazakhstan,2018,-10.3,34.7,15
Kazakhstan,2019,-4.7,25.5,24.8
Kenya,2010,12.3,33.5,22.5
Kenya,2011,11.1,29.8,26.8
Kenya,2012,13.7,31.7,21.3
Kenya,2013,10.5,27.6,29.2
Kenya,2014,14.8,34.2,24.7
Kenya,2015,12.9,26.9,27.9
Kenya,2016,11.6,32.5,23.6
Kenya,2017,13.2,28.3,28.4
Kenya,2018,10.8,30.6,20.9
Kenya,2019,14.4,25.4,30.1
Kiribati,2010,27.1,30.2,28.2
Kiribati,2011,26.5,31.6,30.5
Kiribati,2012,28.7,29.8,26.8
Kiribati,2013,25.8,28.7,29.3
Kiribati,2014,26.3,31.9,27.6
Kiribati,2015,28.2,30.5,31.1
Kiribati,2016,25.5,28.9,26.9
Kiribati,2017,27.9,32.1,30.8
Kiribati,2018,29,29.4,27.4
Kiribati,2019,28.4,31.3,29.9
Kosovo,2010,2.3,23.6,13.2
Kosovo,2011,-1.5,18.9,8.9
Kosovo,2012,0.8,29.5,16.5
Kosovo,2013,-3.2,25.1,5.7
Kosovo,2014,4.6,20.3,11.8
Kosovo,2015,-0.9,28.7,19.3
Kosovo,2016,1.9,16.8,3.4
Kosovo,2017,3.8,26.4,17.9
Kosovo,2018,-4.7,17.2,6.1
Kosovo,2019,2,30,14.7
Kuwait,2010,8.2,42.8,26.7
Kuwait,2011,6.5,33.7,18.9
Kuwait,2012,12.9,46.5,31.4
Kuwait,2013,17.3,38.9,13.5
Kuwait,2014,10.1,48.3,22.1
Kuwait,2015,19.7,31.6,29.8
Kuwait,2016,4.8,40.2,11.3
Kuwait,2017,15,44.7,34.2
Kuwait,2018,7.6,36.1,16.6
Kuwait,2019,3.2,49.8,27.9
Kyrgyzstan,2010,-15.2,14.8,17.2
Kyrgyzstan,2011,-3.5,30.3,8.9
Kyrgyzstan,2012,-8.9,27.6,-2.4
Kyrgyzstan,2013,2.1,18.9,22.1
Kyrgyzstan,2014,-18.3,32.5,14.6
Kyrgyzstan,2015,-11.7,23.7,3.8
Kyrgyzstan,2016,0.4,12.1,20.5
Kyrgyzstan,2017,-6.8,29,11.3
Kyrgyzstan,2018,-13.2,33.9,-5.7
Kyrgyzstan,2019,-1.6,16.5,19.8
Laos,2010,16.2,26.8,25.6
Laos,2011,20.8,36.2,30.1
Laos,2012,18.5,29.9,22.8
Laos,2013,22.3,31.5,28.4
Laos,2014,17.9,27.4,31.7
Laos,2015,23.7,33.6,26.9
Laos,2016,19.4,28,23.5
Laos,2017,21,37.1,29.2
Laos,2018,24.6,24.3,21.3
Laos,2019,19.1,34.8,27.8
Latvia,2010,-8.6,22.8,12.3
Latvia,2011,1.3,17.5,6.7
Latvia,2012,-3.2,20.2,18.5
Latvia,2013,-6.9,24.3,3.2
Latvia,2014,2.8,21.6,9.8
Latvia,2015,-0.5,18.9,14.6
Latvia,2016,4.1,16.4,19.1
Latvia,2017,-9.3,23.7,0.5
Latvia,2018,0.9,19.8,16.9
Latvia,2019,-4.7,15.1,7.4
Lebanon,2010,10.2,27.4,15.3
Lebanon,2011,9.1,30.8,21.7
Lebanon,2012,6.5,31.5,18.9
Lebanon,2013,11.8,25.9,12.6
Lebanon,2014,8.4,22.6,23.1
Lebanon,2015,12.9,29.3,19.8
Lebanon,2016,7.3,32.1,17.4
Lebanon,2017,13.5,21.3,22.2
Lebanon,2018,14.7,26.7,13.9
Lebanon,2019,6.9,33.6,24.7
Lesotho,2010,3.2,20.4,8.2
Lesotho,2011,1.9,22.9,14.7
Lesotho,2012,0.5,23.7,10.5
Lesotho,2013,4.8,18.9,6.8
Lesotho,2014,2.3,17.6,17.3
Lesotho,2015,5.7,21.3,12.9
Lesotho,2016,0.9,24.1,9.4
Lesotho,2017,6.4,16.7,18.1
Lesotho,2018,7.8,19.8,15.6
Lesotho,2019,1.2,25.6,7.9
Liberia,2010,21.3,27.6,25.7
Liberia,2011,22.9,28.9,28.1
Liberia,2012,24.1,30.4,27.3
Liberia,2013,20.5,31.2,26.8
Liberia,2014,23.8,26.5,29.5
Liberia,2015,25.2,29.8,25.4
Liberia,2016,22.1,31.7,28.9
Liberia,2017,25.8,27.1,29.7
Liberia,2018,23.4,32,24.6
Liberia,2019,20.9,28.3,30.2
Libya,2010,14.7,28.5,20.4
Libya,2011,17.2,38.2,27.8
Libya,2012,19,31.7,21.9
Libya,2013,11.5,39.8,29.5
Libya,2014,16.8,29.3,24.6
Libya,2015,12.9,36.6,31.2
Libya,2016,18.3,26.8,19.8
Libya,2017,20.1,40.1,30.7
Libya,2018,13.6,37.5,22.3
Libya,2019,10.9,25.6,28.1
Liechtenstein,2010,-3.2,24.7,17.2
Liechtenstein,2011,2.1,13.5,8.6
Liechtenstein,2012,-0.5,28.1,11.4
Liechtenstein,2013,3.8,16.9,19.8
Liechtenstein,2014,-4.7,21.3,3.5
Liechtenstein,2015,0.9,11.2,14.9
Liechtenstein,2016,-1.8,26.5,6.1
Liechtenstein,2017,-2.9,19.1,16.3
Liechtenstein,2018,4.4,22.8,18.7
Liechtenstein,2019,-5.6,27.6,2.8
Lithuania,2010,-6.4,21.6,9.7
Lithuania,2011,-7.8,19.8,2.3
Lithuania,2012,-8.9,22.9,12.8
Lithuania,2013,-5.2,23.7,17.4
Lithuania,2014,-9.5,17.8,6.5
Lithuania,2015,-3.7,24.5,13.9
Lithuania,2016,-4.9,18.6,10.1
Lithuania,2017,-2.1,16.5,4.8
Lithuania,2018,-3.3,20.3,16.2
Lithuania,2019,-6.7,15.4,7.9
Luxembourg,2010,2.3,15.7,10.2
Luxembourg,2011,4.5,17.9,4.8
Luxembourg,2012,0.9,22.1,16.5
Luxembourg,2013,-1.7,25.3,19.3
Luxembourg,2014,3.8,20.6,7.1
Luxembourg,2015,1.1,18.3,13.9
Luxembourg,2016,0.3,24.8,20.7
Luxembourg,2017,-2.9,14.2,2.6
Luxembourg,2018,4.2,23.5,18.8
Luxembourg,2019,2.8,16.9,5.4
Macau,2010,15.2,28.7,21.3
Macau,2011,14.1,29.8,17.6
Macau,2012,17.8,30.5,25.9
Macau,2013,12.9,27.6,28.4
Macau,2014,14.6,31.2,20.1
Macau,2015,13.7,26.4,26.7
Macau,2016,16.4,29.9,18.8
Macau,2017,17.1,27.9,27.2
Macau,2018,13.4,30.8,16.9
Macau,2019,15.8,31.5,23.5
Macedonia,2010,1.2,27.8,17.2
Macedonia,2011,4.5,18.5,11.8
Macedonia,2012,-2.3,32.1,22.5
Macedonia,2013,7.9,21.6,9.6
Macedonia,2014,0.6,30.4,19.3
Macedonia,2015,3.4,16.3,14.7
Macedonia,2016,9.1,29.7,23.9
Macedonia,2017,-3.7,33.2,6.8
Macedonia,2018,6.1,14.9,21.1
Macedonia,2019,-0.9,25.8,16.5
Madagascar,2010,12.6,33.2,24.5
Madagascar,2011,15.9,28.5,22.3
Madagascar,2012,11.3,30.9,27.8
Madagascar,2013,18.2,26.8,21.1
Madagascar,2014,16.5,31.5,28.6
Madagascar,2015,14.1,34.1,26.7
Madagascar,2016,19.7,27.6,23.9
Madagascar,2017,13.8,29.8,29.3
Madagascar,2018,17.4,32.7,20.8
Madagascar,2019,10.2,25.3,25.4
Malawi,2010,8.6,28.2,18.3
Malawi,2011,11.9,23.5,21.7
Malawi,2012,7.3,25.9,22.5
Malawi,2013,12.2,21.8,17.8
Malawi,2014,9.8,26.5,19.6
Malawi,2015,10.4,29.1,24.1
Malawi,2016,13.7,22.6,16.9
Malawi,2017,6.5,24.8,23.2
Malawi,2018,14.3,27.7,20.5
Malawi,2019,8.9,20.3,22.8
Malaysia,2010,24.7,34.2,27.8
Malaysia,2011,27.2,27.8,31.5
Malaysia,2012,26.1,31.7,29.2
Malaysia,2013,25.3,33.5,26.7
Malaysia,2014,28.5,29.9,30.1
Malaysia,2015,23.9,26.5,28.9
Malaysia,2016,27.6,35.1,25.6
Malaysia,2017,29,28.3,32.4
Malaysia,2018,24.5,32.9,26.3
Malaysia,2019,26.8,27.1,29.8
Maldives,2010,24.6,31.8,30.2
Maldives,2011,28.4,26.2,27.8
Maldives,2012,27.1,30.5,28.5
Maldives,2013,25.9,27.3,26.9
Maldives,2014,29.2,32.1,29.6
Maldives,2015,26.5,28.7,25.7
Maldives,2016,28.9,26.8,30.9
Maldives,2017,25.3,31.2,26.3
Maldives,2018,27.7,29.4,31.4
Maldives,2019,24.8,27.9,28.1
Mali,2010,29.2,43.2,30.4
Mali,2011,24.7,31.8,27.8
Mali,2012,21.5,39.5,32.1
Mali,2013,27.1,33.3,29.6
Mali,2014,22.9,41.7,26.3
Mali,2015,25.3,36.4,34.7
Mali,2016,28.9,44.8,25.9
Mali,2017,26.6,37.9,31.5
Mali,2018,23.8,42.1,28.2
Mali,2019,20.4,30.6,33.8
Malta,2010,11.2,26.4,21.3
Malta,2011,13.5,30.5,25.8
Malta,2012,10.8,32.1,18.9
Malta,2013,14.7,27.9,28.6
Malta,2014,12.3,31.2,16.7
Malta,2015,10.1,33.7,23.5
Malta,2016,15.6,29.3,19.8
Malta,2017,11.9,28.1,27.2
Malta,2018,13.8,34.6,22.4
Malta,2019,10.4,25.5,29.9
Marshall Islands,2010,25.8,31.2,29.2
Marshall Islands,2011,27.3,28.7,26.7
Marshall Islands,2012,25.5,30.4,28.5
Marshall Islands,2013,26.2,29.6,27.9
Marshall Islands,2014,27,31.1,29.8
Marshall Islands,2015,25.4,30.8,26.4
Marshall Islands,2016,25.9,28.3,27.6
Marshall Islands,2017,27.6,31.7,29.5
Marshall Islands,2018,26.8,29.9,26.9
Marshall Islands,2019,25.1,32,28.3
Mauritania,2010,18.3,42.1,29.7
Mauritania,2011,21.5,36.5,31.8
Mauritania,2012,19.8,43.8,27.4
Mauritania,2013,22.1,38.9,33.2
Mauritania,2014,16.9,41.3,26.5
Mauritania,2015,23.7,31.6,34.9
Mauritania,2016,20.4,44.7,30.6
Mauritania,2017,17.6,33.4,28.3
Mauritania,2018,24.2,39.8,32.1
Mauritania,2019,18.7,35.2,27.9
Mauritius,2010,18.5,29.8,26.3
Mauritius,2011,22.1,33.5,23.7
Mauritius,2012,16.9,26.1,21.8
Mauritius,2013,20.3,31.2,27.9
Mauritius,2014,23.2,27.3,29.1
Mauritius,2015,17.8,34.6,24.6
Mauritius,2016,24.7,25.9,28.5
Mauritius,2017,19.6,28.4,22.9
Mauritius,2018,21.4,30.7,20.4
Mauritius,2019,15.7,32.1,30.2
Mexico,2010,15.2,34.2,21.3
Mexico,2011,8.9,28.9,25.7
Mexico,2012,18.1,23.1,18.9
Mexico,2013,11.5,36.5,26.5
Mexico,2014,19.7,29.7,17.2
Mexico,2015,7.3,38.3,22.8
Mexico,2016,14.6,26.6,27.6
Mexico,2017,10.4,31.4,19.8
Mexico,2018,16.8,33.8,23.9
Mexico,2019,13.1,35.1,16.4
Micronesia,2010,24.7,30.7,28.4
Micronesia,2011,26.1,28.8,30.1
Micronesia,2012,25.3,32.1,26.9
Micronesia,2013,23.9,29.5,29.8
Micronesia,2014,27.2,31.8,27.5
Micronesia,2015,25.8,28.3,30.5
Micronesia,2016,26.5,30.2,25.7
Micronesia,2017,23.5,33,31.2
Micronesia,2018,25.9,29.9,28.9
Micronesia,2019,24.4,32.5,29.3
Moldova,2010,1.7,28.9,17.2
Moldova,2011,-2.9,31.5,11.8
Moldova,2012,3.2,25.1,21.5
Moldova,2013,-3.5,33.2,8.6
Moldova,2014,0.1,26.8,14.9
Moldova,2015,-1.2,30.4,22.7
Moldova,2016,2.5,22.3,6.3
Moldova,2017,-4.8,34.7,19.4
Moldova,2018,4.3,29.6,23.8
Moldova,2019,-0.6,27.9,16.5
Monaco,2010,10.1,31.2,14.8
Monaco,2011,8.5,26.5,18.2
Monaco,2012,7.3,23.8,22.5
Monaco,2013,12.9,28.7,11.3
Monaco,2014,13.6,30.9,17.6
Monaco,2015,6.8,33.4,23.9
Monaco,2016,9.4,29.1,9.7
Monaco,2017,11.8,32.6,21.4
Monaco,2018,14.2,27.9,12.5
Monaco,2019,6.1,21.6,19.8
Mongolia,2010,-25.7,16.2,-6.7
Mongolia,2011,-12.3,25.7,9.2
Mongolia,2012,-18.9,28.4,-16.4
Mongolia,2013,-29.5,22.9,2.8
Mongolia,2014,-14.8,14.8,11.5
Mongolia,2015,-22.1,12.1,-8.9
Mongolia,2016,-8.5,19.6,17.3
Mongolia,2017,-11.2,27.3,-5.1
Mongolia,2018,-27.6,21.8,4.6
Mongolia,2019,-20.3,30.5,13.9
Montenegro,2010,0.2,30.4,7.2
Montenegro,2011,8.5,25.1,15.8
Montenegro,2012,-3.7,32.7,12.5
Montenegro,2013,3.1,28.5,19.3
Montenegro,2014,6.9,21.8,8.6
Montenegro,2015,-1.5,34.2,22.1
Montenegro,2016,5.3,26.9,4.9
Montenegro,2017,-0.9,31.6,16.7
Montenegro,2018,1.8,29.8,11.4
Montenegro,2019,9.6,23.7,23.9
Morocco,2010,9.3,28.4,14.2
Morocco,2011,6.8,33.2,21.5
Morocco,2012,11.1,25.7,18.3
Morocco,2013,7.5,30.8,12.9
Morocco,2014,13.2,22.1,23.7
Morocco,2015,5.9,31.6,16.8
Morocco,2016,8.7,27.9,19.6
Morocco,2017,10.4,34.5,11.4
Morocco,2018,12.6,26.3,22.8
Morocco,2019,8.1,29.8,17.5
Mozambique,2010,16.3,31.4,23.8
Mozambique,2011,18.7,26.8,27.1
Mozambique,2012,21.2,33.2,21.5
Mozambique,2013,22.8,29.7,29.3
Mozambique,2014,19.5,27.5,25.9
Mozambique,2015,23.9,34.6,22.7
Mozambique,2016,17.6,32.1,26.5
Mozambique,2017,20.4,28.3,28.8
Mozambique,2018,24.1,25.9,24.6
Mozambique,2019,15.8,30.5,30.2
Myanmar,2010,22.3,31.7,29.8
Myanmar,2011,18.9,35.2,27.6
Myanmar,2012,21.5,33.8,26.3
Myanmar,2013,16.7,37.5,30.5
Myanmar,2014,19.8,32.9,31.9
Myanmar,2015,23.1,34.6,28.7
Myanmar,2016,20.5,36.1,26.9
Myanmar,2017,17.6,30.8,32.2
Myanmar,2018,24,38.2,25.4
Myanmar,2019,21.2,31.4,30.1
Namibia,2010,8.2,36.9,24.6
Namibia,2011,15.4,28.5,17.8
Namibia,2012,12.6,39.2,28.2
Namibia,2013,10.8,33.8,21.5
Namibia,2014,6.9,37.6,26.3
Namibia,2015,18.5,29.4,19.7
Namibia,2016,11.2,26.7,29.8
Namibia,2017,16.1,38.1,23.1
Namibia,2018,7.5,31.9,16.9
Namibia,2019,14.3,27.3,30.4
Nepal,2010,10.2,26.3,18.2
Nepal,2011,7.5,33.5,9.8
Nepal,2012,0.8,31.2,22.5
Nepal,2013,12.1,22.9,14.6
Nepal,2014,3.6,28.7,6.7
Nepal,2015,9.3,24.1,19.9
Nepal,2016,6,30.4,11.3
Nepal,2017,14.8,27.8,23.7
Nepal,2018,11.7,21.6,16.4
Nepal,2019,4.5,35.9,8.1
Netherlands,2010,7.9,27.2,14.3
Netherlands,2011,1.2,19.8,6.8
Netherlands,2012,4.3,22.4,18.7
Netherlands,2013,-2.1,16,11.2
Netherlands,2014,9.5,29.5,3.5
Netherlands,2015,-3.7,24.7,16.9
Netherlands,2016,6.1,31.9,8.4
Netherlands,2017,2.8,26.3,19.6
Netherlands,2018,0.4,18.2,13.1
Netherlands,2019,-4.9,33.6,5.7
New Zealand,2010,7.9,27.2,15.7
New Zealand,2011,1.2,19.8,6.8
New Zealand,2012,4.3,22.4,18.4
New Zealand,2013,-2.1,16,11.2
New Zealand,2014,9.5,29.5,3.5
New Zealand,2015,-3.7,24.7,16.9
New Zealand,2016,6.1,31.9,8.4
New Zealand,2017,2.8,26.3,19.6
New Zealand,2018,0.4,18.2,13.1
New Zealand,2019,-4.9,33.6,5.7
Nicaragua,2010,23.8,34.8,30.1
Nicaragua,2011,25.2,29.6,27.8
Nicaragua,2012,22.6,31.9,26.5
Nicaragua,2013,26.4,33.4,31.7
Nicaragua,2014,24.9,30.2,29.3
Nicaragua,2015,21.5,35.2,26.9
Nicaragua,2016,27.1,28.9,32.2
Nicaragua,2017,22.3,32.7,28.6
Nicaragua,2018,20.7,29.8,31.5
Nicaragua,2019,24.1,34.1,27.4
Niger,2010,21.4,43.8,36.2
Niger,2011,18.9,36.5,31.8
Niger,2012,24.5,42.1,28.5
Niger,2013,27.2,38.9,38.9
Niger,2014,16.8,44.6,27.6
Niger,2015,22.6,40.3,39.7
Niger,2016,29.8,37.2,26.4
Niger,2017,20.3,43.1,34.1
Niger,2018,25.7,41.5,37.5
Niger,2019,19.5,39.8,29.3
Nigeria,2010,21.2,36.2,28.6
Nigeria,2011,25.1,32.5,27.3
Nigeria,2012,22.8,35.8,30.8
Nigeria,2013,27.5,37.6,31.5
Nigeria,2014,23.9,33.9,26.9
Nigeria,2015,26.3,31.7,29.2
Nigeria,2016,24.7,38.4,25.7
Nigeria,2017,20.5,34.3,31.9
Nigeria,2018,28,36.9,28.4
Nigeria,2019,22.6,30.5,32.1
North Korea,2010,0.5,33.2,17.2
North Korea,2011,-7.8,21.7,10.5
North Korea,2012,2.1,30.5,22.8
North Korea,2013,-4.3,26.8,3.9
North Korea,2014,3.6,34.6,19.1
North Korea,2015,-9.1,22.3,8.3
North Korea,2016,-3.7,31.9,14.7
North Korea,2017,-6.5,28.4,23.6
North Korea,2018,1.8,23.9,11.2
North Korea,2019,-2.4,29.7,25.4
Northern Mariana Islands,2010,24.5,33.2,27.6
Northern Mariana Islands,2011,28.1,30.6,28.9
Northern Mariana Islands,2012,27.3,28.9,30.4
Northern Mariana Islands,2013,26.9,32.1,26.8
Northern Mariana Islands,2014,23.8,29.7,29.5
Northern Mariana Islands,2015,28.5,26.5,31.2
Northern Mariana Islands,2016,24.9,27.8,26.3
Northern Mariana Islands,2017,29.2,34,30.8
Northern Mariana Islands,2018,25.6,31.5,25.7
Northern Mariana Islands,2019,27.7,28.3,31.9
Norway,2010,-10.3,22.4,12.3
Norway,2011,-18.7,13.6,7.8
Norway,2012,-15.2,20.1,16.5
Norway,2013,-7.5,16.8,3.2
Norway,2014,-13.9,11.2,18.9
Norway,2015,-6.1,23.7,0.6
Norway,2016,-19.5,17.9,14.7
Norway,2017,-11.8,24.5,9.4
Norway,2018,-17.4,9.8,19.8
Norway,2019,-8.9,21.3,5.1
Pakistan,2010,3.2,41.2,12.8
Pakistan,2011,0.5,30.5,21.4
Pakistan,2012,9.1,37.9,8.9
Pakistan,2013,-1.8,26.3,27.2
Pakistan,2014,12.3,43.6,16.5
Pakistan,2015,6.9,28.1,29.8
Pakistan,2016,-3.5,39.8,6.3
Pakistan,2017,5.8,32.4,18.7
Pakistan,2018,2.4,27.9,23.6
Pakistan,2019,8.7,45,10.2
Palau,2010,27.1,26.4,27.8
Palau,2011,24.5,33,30.5
Palau,2012,26.3,29.8,28.9
Palau,2013,28.7,32.2,26.7
Palau,2014,25.8,27.6,31.2
Palau,2015,23.9,30.5,29.4
Palau,2016,28.2,31.9,25.9
Palau,2017,24.3,28.7,32.1
Palau,2018,27.5,33.2,28.3
Palau,2019,29,26.8,30.8
Panama,2010,28.7,33.1,26.8
Panama,2011,22.5,25.4,28.5
Panama,2012,27,29.8,31.2
Panama,2013,30.2,26.6,25.6
Panama,2014,23.8,31.5,29.3
Panama,2015,29.5,27.9,27.9
Panama,2016,24.3,32.3,30.1
Panama,2017,31,30.8,24.9
Panama,2018,22.9,25.7,32
Panama,2019,26.1,34,26.4
Papua New Guinea,2010,28.2,33.1,26.5
Papua New Guinea,2011,23.5,27.5,30.2
Papua New Guinea,2012,27,31.2,25.8
Papua New Guinea,2013,22.8,25.9,28.9
Papua New Guinea,2014,29.3,28.6,31.4
Papua New Guinea,2015,25.6,32,27.3
Papua New Guinea,2016,21.9,26.8,29.8
Papua New Guinea,2017,26.7,34,24.7
Papua New Guinea,2018,24.3,30.5,32.1
Papua New Guinea,2019,29.8,26.3,26
Paraguay,2010,18.5,30.2,22.3
Paraguay,2011,15.2,28.7,25.7
Paraguay,2012,19.8,33.5,21.9
Paraguay,2013,13.7,26.8,26.5
Paraguay,2014,20.1,31.4,23.8
Paraguay,2015,17.9,27.9,27.1
Paraguay,2016,14.4,34.1,20.6
Paraguay,2017,16.8,25.6,24.9
Paraguay,2018,20.3,29.3,22.4
Paraguay,2019,14.9,32.7,26.8
Peru,2010,11.2,30.2,17.8
Peru,2011,8.6,26.7,22.4
Peru,2012,12.9,33.5,19.1
Peru,2013,6.5,28.8,23.7
Peru,2014,14.3,31.4,16.5
Peru,2015,10.7,27.9,24.9
Peru,2016,7.9,34.1,18.2
Peru,2017,9.4,25.6,21.3
Peru,2018,13.1,29.3,20.6
Peru,2019,7.2,32.7,15.8
Philippines,2010,22.1,29.6,26.8
Philippines,2011,23.8,31.5,30.1
Philippines,2012,21.5,28.3,28.5
Philippines,2013,24.7,34.2,31.2
Philippines,2014,20.3,30.7,26.4
Philippines,2015,22.9,33.1,29.7
Philippines,2016,23.5,29.9,27.9
Philippines,2017,21.2,27.8,32
Philippines,2018,24,32.5,25.6
Philippines,2019,20.9,28.9,31.8
Poland,2010,-3.5,22.8,15.3
Poland,2011,-0.8,24.5,9.8
Poland,2012,-2.2,21.3,20.7
Poland,2013,-4.1,20.1,3.2
Poland,2014,-1.3,23.7,18.6
Poland,2015,-2.8,24.9,11.5
Poland,2016,-0.5,22.2,23.4
Poland,2017,-4.9,21.6,6.9
Poland,2018,-3.2,20.8,14.1
Poland,2019,-0.1,23.4,22
Portugal,2010,8.3,25.7,17.2
Portugal,2011,9.7,32.4,21.8
Portugal,2012,6.5,27.6,13.5
Portugal,2013,11.2,29.3,19.6
Portugal,2014,7.9,31.8,22.3
Portugal,2015,13.1,23.5,16.9
Portugal,2016,10.5,34.2,24.1
Portugal,2017,12,28.9,11.8
Portugal,2018,7.1,26.1,18.7
Portugal,2019,14.8,30.7,23.4
Qatar,2010,18.2,44.5,33.7
Qatar,2011,22.1,35.6,25.8
Qatar,2012,20.5,48.9,38.2
Qatar,2013,16.9,31.7,22.5
Qatar,2014,23.7,39.2,27.9
Qatar,2015,19.8,47.8,36.4
Qatar,2016,21,33.4,21.3
Qatar,2017,17.5,42.1,31.9
Qatar,2018,24.3,36.9,29.6
Qatar,2019,19.1,45.3,39.8
Republic of Serbia,2010,0.2,26.8,17.3
Republic of Serbia,2011,-3.5,32.5,9.8
Republic of Serbia,2012,2.8,21.3,21.5
Republic of Serbia,2013,-2.1,29.6,13.2
Republic of Serbia,2014,4.6,23.4,6.9
Republic of Serbia,2015,-1.7,33.8,23.7
Republic of Serbia,2016,-4.9,28.1,19.1
Republic of Serbia,2017,1.3,31.7,15.6
Republic of Serbia,2018,-0.4,25.9,22.4
Republic of Serbia,2019,3.9,30.2,11.5
Republic of the Congo,2010,20.3,28.4,22.5
Republic of the Congo,2011,19.7,30.2,26.3
Republic of the Congo,2012,22.1,25.9,21.8
Republic of the Congo,2013,21.5,26.7,29.1
Republic of the Congo,2014,23.8,31.5,24.7
Republic of the Congo,2015,18.9,27.6,27.9
Republic of the Congo,2016,23.2,29.8,23.4
Republic of the Congo,2017,24.5,24.9,28.6
Republic of the Congo,2018,22.7,31.1,25.2
Republic of the Congo,2019,19.4,28.3,20.6
Romania,2010,-1.2,28.7,12.3
Romania,2011,0.5,25.9,17.8
Romania,2012,-3.8,21.5,8.6
Romania,2013,-2.9,29.6,23.4
Romania,2014,-4.5,22.3,10.1
Romania,2015,-0.7,27.8,27.2
Romania,2016,-2.1,30,6.9
Romania,2017,1.3,26.5,19.5
Romania,2018,0.1,24.8,14.7
Romania,2019,-3.2,20.2,22
Russia,2010,-25.3,28.5,11.2
Russia,2011,-18.9,16.7,5.7
Russia,2012,-11.2,21.9,18.3
Russia,2013,-28.6,13.2,-2.5
Russia,2014,-15.7,26.8,12.9
Russia,2015,-20.4,18.5,7.6
Russia,2016,-12.1,24.3,22.1
Russia,2017,-9.8,29.1,3.4
Russia,2018,-26.5,17.6,-7.8
Russia,2019,-7.2,22,9.1
Rwanda,2010,17.2,25.8,23.1
Rwanda,2011,12.8,17.9,18.5
Rwanda,2012,14.5,24.3,21.8
Rwanda,2013,19.6,16.5,14.9
Rwanda,2014,16.3,26.1,22.7
Rwanda,2015,18.9,22.4,16.3
Rwanda,2016,15.7,27.2,24.5
Rwanda,2017,16.9,17.4,13.7
Rwanda,2018,13.2,21.6,19.8
Rwanda,2019,11.6,25.3,23
Saint Kitts And Nevis,2010,27.2,31.5,29.5
Saint Kitts And Nevis,2011,24.3,29.7,25.7
Saint Kitts And Nevis,2012,21.9,28.9,30.1
Saint Kitts And Nevis,2013,22.8,26.2,24.9
Saint Kitts And Nevis,2014,25.1,27.8,28.3
Saint Kitts And Nevis,2015,26.5,30.4,22.6
Saint Kitts And Nevis,2016,23.7,32.2,31.8
Saint Kitts And Nevis,2017,20.5,28.6,23.8
Saint Kitts And Nevis,2018,26.8,27.3,26.4
Saint Kitts And Nevis,2019,24,31,29.2
Saint Lucia,2010,26.7,32.6,30.5
Saint Lucia,2011,21.8,26.9,24.4
Saint Lucia,2012,23.2,30.3,27.9
Saint Lucia,2013,27.5,33.1,31.8
Saint Lucia,2014,20.5,28.5,23.6
Saint Lucia,2015,24.8,31.7,25.7
Saint Lucia,2016,28,34.2,29.2
Saint Lucia,2017,22.1,27.3,22.9
Saint Lucia,2018,25.6,29.8,28.1
Saint Lucia,2019,29.7,32.9,32.3
Saint Vincent And The Grenadines,2010,27.3,32.6,30.1
Saint Vincent And The Grenadines,2011,21.5,28.1,26.5
Saint Vincent And The Grenadines,2012,23.1,31.3,27.8
Saint Vincent And The Grenadines,2013,28.6,33.9,31.7
Saint Vincent And The Grenadines,2014,20.7,27.5,24.9
Saint Vincent And The Grenadines,2015,24.2,30.8,28.3
Saint Vincent And The Grenadines,2016,26.9,34.2,30.6
Saint Vincent And The Grenadines,2017,22.3,29.6,29.4
Saint Vincent And The Grenadines,2018,25.8,31.9,27.8
Saint Vincent And The Grenadines,2019,29.2,35.4,30.2
Samoa,2010,27.6,33.2,29.7
Samoa,2011,20.5,28.5,24.8
Samoa,2012,23.9,32.1,27.3
Samoa,2013,26.8,34.7,31.5
Samoa,2014,21.2,27.9,22.6
Samoa,2015,28.4,30.6,28.9
Samoa,2016,24.3,34.3,25.1
Samoa,2017,22.1,29.6,30.8
Samoa,2018,28.2,31.9,23.4
Samoa,2019,25.9,35.4,26.2
San Marino,2010,7.2,25.6,17.3
San Marino,2011,3.5,17.8,9.8
San Marino,2012,8.9,22.3,21.5
San Marino,2013,0.8,19.4,5.9
San Marino,2014,6.1,28.9,13.2
San Marino,2015,4.3,13.7,3.7
San Marino,2016,9.7,24.2,18.9
San Marino,2017,1.2,15.6,10.5
San Marino,2018,5.8,21.3,23.1
San Marino,2019,2.5,26.8,7.6
Sao Tome And Principe,2010,26.1,33.2,29.5
Sao Tome And Principe,2011,20.8,25.7,23.8
Sao Tome And Principe,2012,27.3,31.8,26.7
Sao Tome And Principe,2013,21.5,29.6,31.2
Sao Tome And Principe,2014,25.4,24.6,24.9
Sao Tome And Principe,2015,22.2,32.4,27.6
Sao Tome And Principe,2016,28,26.9,23.3
Sao Tome And Principe,2017,23.7,30.5,30.1
Sao Tome And Principe,2018,27.8,33.9,22.6
Sao Tome And Principe,2019,20.5,28.7,28.3
Saudi Arabia,2010,17.6,47.3,37.2
Saudi Arabia,2011,11.3,32.1,24.8
Saudi Arabia,2012,23,48.6,31.5
Saudi Arabia,2013,19.8,43.5,41.9
Saudi Arabia,2014,13.7,35.9,28.6
Saudi Arabia,2015,20.5,46.8,35.1
Saudi Arabia,2016,9.2,30.7,22.3
Saudi Arabia,2017,22.9,44.2,38.7
Saudi Arabia,2018,18.1,50,29.9
Saudi Arabia,2019,14.4,39.4,33.8
Senegal,2010,25.6,39.3,31.2
Senegal,2011,17.3,28.1,23.8
Senegal,2012,22,40.6,28.5
Senegal,2013,28.8,36.5,33.9
Senegal,2014,19.7,29.9,22.6
Senegal,2015,23.5,38.8,26.1
Senegal,2016,16.2,33.7,30.3
Senegal,2017,21.9,29.2,24.7
Senegal,2018,27.1,45,32.9
Senegal,2019,18.4,34.4,27.4
Seychelles,2010,28.1,32.5,29.7
Seychelles,2011,24.9,30.4,26.8
Seychelles,2012,26.2,31.9,27.5
Seychelles,2013,25.3,29.8,30.2
Seychelles,2014,23.7,30.6,25.9
Seychelles,2015,27.6,28.7,28.3
Seychelles,2016,26.8,33.2,26.4
Seychelles,2017,24.5,31,30.8
Seychelles,2018,28.5,29.5,27.2
Seychelles,2019,26.1,32.1,29.1
Sierra Leone,2010,29,32.7,31.5
Sierra Leone,2011,22.5,28.4,25.8
Sierra Leone,2012,26.8,33.5,31.2
Sierra Leone,2013,23.2,29.9,26.6
Sierra Leone,2014,28.1,30.3,27.9
Sierra Leone,2015,21.9,27.6,25.1
Sierra Leone,2016,25.6,31.8,27.3
Sierra Leone,2017,27.3,28.9,28.7
Sierra Leone,2018,22.8,33.2,25.4
Sierra Leone,2019,30,31.5,30.8
Singapore,2010,29.8,31.3,32.1
Singapore,2011,24.5,25.4,25.8
Singapore,2012,30.1,33.2,30.5
Singapore,2013,23.9,25.9,24.3
Singapore,2014,29.2,31.8,31.7
Singapore,2015,24.1,26.6,26.2
Singapore,2016,30.3,32.1,30.9
Singapore,2017,23.7,27.3,24.8
Singapore,2018,29.6,32.8,32.5
Singapore,2019,24.9,26.1,25.6
Sint Maarten,2010,29.2,31.8,30.1
Sint Maarten,2011,23.5,25.6,24.8
Sint Maarten,2012,27.8,33.2,29.5
Sint Maarten,2013,22.9,26.3,23.4
Sint Maarten,2014,28.5,30.9,31.2
Sint Maarten,2015,24.1,27.5,25.9
Sint Maarten,2016,27.3,32.1,28.6
Sint Maarten,2017,22.3,27.9,23.8
Sint Maarten,2018,29.8,31.5,30.9
Sint Maarten,2019,23.7,26.8,26.5
Slovakia,2010,-7.2,29.2,0.5
Slovakia,2011,-5.5,27.5,1.8
Slovakia,2012,-2.8,26.8,21.3
Slovakia,2013,-8.9,28.3,2.9
Slovakia,2014,-4.3,25.7,22.7
Slovakia,2015,-6.7,26.1,2.1
Slovakia,2016,-3.1,27.9,23.5
Slovakia,2017,-9.5,25.3,0.9
Slovakia,2018,-4.9,30.5,20.6
Slovakia,2019,-7.8,28.7,3.7
Slovenia,2010,-6.7,28.4,3.2
Slovenia,2011,-7.9,25.7,0.8
Slovenia,2012,-9.3,29.9,22.6
Slovenia,2013,-8.1,27.2,4.9
Slovenia,2014,-7.2,26.5,21.3
Slovenia,2015,-9.7,25.1,2.4
Slovenia,2016,-6.3,28.9,23.8
Slovenia,2017,-8.5,27.8,1.5
Slovenia,2018,-5.8,29.4,20.1
Slovenia,2019,-6.1,25.9,3.9
Solomon Islands,2010,23.8,31.2,26.7
Solomon Islands,2011,22.5,29.8,27.3
Solomon Islands,2012,23.1,30.5,28.1
Solomon Islands,2013,23.5,28.9,25.9
Solomon Islands,2014,24.2,31.7,29.5
Solomon Islands,2015,23.3,29.3,26.4
Solomon Islands,2016,22.9,30.9,27.8
Solomon Islands,2017,24.5,28.3,29.2
Solomon Islands,2018,23.7,32.1,26.8
Solomon Islands,2019,22.8,31.4,28.7
Somalia,2010,23.2,35.6,28.3
Somalia,2011,24.7,37.2,26.9
Somalia,2012,24.1,36.8,29.5
Somalia,2013,22.8,38.1,27.8
Somalia,2014,23.5,35.9,31.2
Somalia,2015,24.9,36.5,29.1
Somalia,2016,22.4,37.8,28.7
Somalia,2017,24.3,35.3,30.4
Somalia,2018,24.6,39,29.8
Somalia,2019,23.9,36.2,27.5
Somaliland,2010,23.4,35.9,28.7
Somaliland,2011,24.9,37.5,27.4
Somaliland,2012,24.3,37.1,29.9
Somaliland,2013,23,38.4,28.2
Somaliland,2014,23.7,36.2,31.6
Somaliland,2015,25.1,36.8,29.5
Somaliland,2016,22.6,38.1,29.1
Somaliland,2017,24.5,35.6,30.8
Somaliland,2018,24.8,39.3,30.2
Somaliland,2019,24.1,36.5,27.9
South Africa,2010,8.3,31.5,16.7
South Africa,2011,7.1,27.3,22.3
South Africa,2012,9.5,32.8,18.5
South Africa,2013,6.8,29.7,27.8
South Africa,2014,5.6,33.6,24.2
South Africa,2015,8.9,30.4,12.6
South Africa,2016,9.8,28.5,29.1
South Africa,2017,6.2,34.2,21.4
South Africa,2018,7.9,26.1,26.9
South Africa,2019,9.2,35.7,19.8
South Korea,2010,-8.3,31.5,1.7
South Korea,2011,-7.1,27.3,22.3
South Korea,2012,-9.5,32.8,4.5
South Korea,2013,-6.8,29.7,27.8
South Korea,2014,-5.6,33.6,24.2
South Korea,2015,-8.9,30.4,-2.6
South Korea,2016,-9.8,28.5,29.1
South Korea,2017,-6.2,34.2,21.4
South Korea,2018,-7.9,26.1,26.9
South Korea,2019,-9.2,35.7,19.8
South Sudan,2010,19.3,39.8,25.6
South Sudan,2011,21.8,43.2,28.9
South Sudan,2012,17.6,36.5,32.4
South Sudan,2013,23.5,41.7,22.1
South Sudan,2014,20.2,37.9,37.2
South Sudan,2015,24.8,38.6,29.8
South Sudan,2016,18.7,42.5,26.5
South Sudan,2017,22.3,34.8,31.7
South Sudan,2018,16.9,40.4,23.9
South Sudan,2019,20.6,44.1,35.1
Spain,2010,4.5,36.4,11.8
Spain,2011,7.8,32.1,13.5
Spain,2012,2.3,37.8,9.2
Spain,2013,8.9,39.2,18.6
Spain,2014,5.6,34.7,26.9
Spain,2015,1.2,31.5,7.4
Spain,2016,9.7,38.9,30.2
Spain,2017,3.4,33.6,16.3
Spain,2018,6.1,35.8,22.8
Spain,2019,0.9,40.5,33.7
Sri Lanka,2010,23.2,32.8,25.6
Sri Lanka,2011,21.7,30.6,28.3
Sri Lanka,2012,25,31.9,27.1
Sri Lanka,2013,27.6,33.4,29.8
Sri Lanka,2014,22.8,34.7,23.9
Sri Lanka,2015,26.4,31.5,31.2
Sri Lanka,2016,20.5,32.1,26.7
Sri Lanka,2017,24.3,33.9,30.5
Sri Lanka,2018,28,30.2,24.8
Sri Lanka,2019,20.9,34.2,29.1
Sudan,2010,17.9,46.3,25.3
Sudan,2011,20.5,41.9,28.7
Sudan,2012,23.2,37.5,32.1
Sudan,2013,18.3,43.2,22.6
Sudan,2014,21.6,39.8,36.8
Sudan,2015,24.7,45.7,29.4
Sudan,2016,16.5,40.1,26.9
Sudan,2017,22.9,44.6,31.2
Sudan,2018,19.4,48.9,23.8
Sudan,2019,20.8,42.4,38.5
Suriname,2010,22.3,33.1,24.8
Suriname,2011,26.7,31.5,28.1
Suriname,2012,25.1,32.9,26.7
Suriname,2013,23.8,30.4,29.5
Suriname,2014,21.5,34.7,23.9
Suriname,2015,27.2,29.8,31.2
Suriname,2016,24.6,32.1,27.6
Suriname,2017,22.9,34.3,30.3
Suriname,2018,26.4,30.9,25.8
Suriname,2019,23,33.5,28.9
Swaziland,2010,6.3,30.4,15.2
Swaziland,2011,9.1,33.2,20.5
Swaziland,2012,7.8,27.9,9.8
Swaziland,2013,5.7,26.6,25.9
Swaziland,2014,8.5,28.7,17.6
Swaziland,2015,9.8,31.5,29.3
Swaziland,2016,6.9,29.8,13.7
Swaziland,2017,7.2,32.1,22.1
Swaziland,2018,8.4,34.3,18.9
Swaziland,2019,5.5,25.9,31.8
Sweden,2010,-14.5,28.3,18.3
Sweden,2011,-17.9,21.6,22.6
Sweden,2012,-12.3,27.5,16.7
Sweden,2013,-15.2,23.9,23.9
Sweden,2014,-19.1,25.7,17.2
Sweden,2015,-13.7,22.4,21.5
Sweden,2016,-16.8,26.8,19.8
Sweden,2017,-11.5,20.1,24.1
Sweden,2018,-18.2,29.5,20.4
Sweden,2019,-10.9,24.7,22.7
Switzerland,2010,-7.3,27.6,4.8
Switzerland,2011,-9.8,26.1,22.3
Switzerland,2012,-4.5,28.3,3.5
Switzerland,2013,-8.2,29.7,21.9
Switzerland,2014,-5.6,27.4,5.2
Switzerland,2015,-7.9,25.9,23.7
Switzerland,2016,-3.4,29.2,4.1
Switzerland,2017,-6.1,26.8,20.5
Switzerland,2018,-10.5,28.7,4.9
Switzerland,2019,-2.8,25.3,22.1
Syria,2010,2.3,41.2,7.8
Syria,2011,6.7,36.5,27.2
Syria,2012,5.1,31.8,11.5
Syria,2013,4.9,42.7,29.8
Syria,2014,1.5,38.6,8.3
Syria,2015,9.2,33.9,32.1
Syria,2016,3.8,44.5,13.9
Syria,2017,7.4,37.4,26.7
Syria,2018,2.8,43.6,9.6
Syria,2019,8.1,34.7,30.5
Taiwan,2010,12.6,37.2,17.3
Taiwan,2011,13.8,35.8,29.1
Taiwan,2012,11.2,30.6,18.9
Taiwan,2013,14.5,33.9,32.5
Taiwan,2014,12.1,31.7,16.7
Taiwan,2015,10.9,36.4,26.8
Taiwan,2016,13.2,34.2,19.5
Taiwan,2017,10.4,32.8,31.2
Taiwan,2018,14.8,38.1,18.1
Taiwan,2019,11.7,30.3,27.9
Tajikistan,2010,-10.2,32.8,1.2
Tajikistan,2011,-8.9,37.6,28.6
Tajikistan,2012,-13.5,31.4,2.8
Tajikistan,2013,-6.1,34.9,22.3
Tajikistan,2014,-11.7,33.5,-0.5
Tajikistan,2015,-14.3,38.2,19.7
Tajikistan,2016,-7.8,35.7,4.9
Tajikistan,2017,-9.4,33.1,30.5
Tajikistan,2018,-12.6,39.5,0.3
Tajikistan,2019,-10.9,30.9,26.1
Thailand,2010,18.2,38.5,27.4
Thailand,2011,20.5,35.9,22.1
Thailand,2012,16.9,32.4,31.5
Thailand,2013,22.8,36.7,26.8
Thailand,2014,19.3,31.2,29.3
Thailand,2015,23.7,34.8,23.9
Thailand,2016,21.4,37.1,28.7
Thailand,2017,17.6,30.6,24.6
Thailand,2018,24.9,33.9,33.2
Thailand,2019,19.8,39.2,25.8
Timor-Leste,2010,20.2,35.5,27.3
Timor-Leste,2011,22.5,32.9,22.8
Timor-Leste,2012,19.8,37.6,29.5
Timor-Leste,2013,23.4,34.2,26.1
Timor-Leste,2014,21.7,31.8,30.2
Timor-Leste,2015,24.9,36.4,23.9
Timor-Leste,2016,20.6,33.7,28.7
Timor-Leste,2017,18.5,38.1,24.6
Timor-Leste,2018,23.9,30.5,31.8
Timor-Leste,2019,21.3,35.9,25.8
Togo,2010,21.3,28.9,27.5
Togo,2011,24.1,32.2,25.8
Togo,2012,22.8,29.8,29.2
Togo,2013,20.7,27.6,26.7
Togo,2014,25.5,33.5,30.1
Togo,2015,23.6,26.8,28.3
Togo,2016,27,30.4,31.6
Togo,2017,20.9,34.1,24.9
Togo,2018,26.2,31.7,32
Togo,2019,23.2,28.3,26.4
Tonga,2010,20.1,28.3,22.3
Tonga,2011,17.8,27.1,19.8
Tonga,2012,21.4,29.5,23.7
Tonga,2013,19.5,25.7,20.5
Tonga,2014,16.9,30.8,25.1
Tonga,2015,22,26.6,21.9
Tonga,2016,18.3,31.2,24.6
Tonga,2017,21.8,28.9,18.6
Tonga,2018,17.2,26.3,26.8
Tonga,2019,20.7,32,23.2
Trinidad And Tobago,2010,27.2,32.4,29.6
Trinidad And Tobago,2011,23.8,30.6,25.8
Trinidad And Tobago,2012,28.5,33.1,30.2
Trinidad And Tobago,2013,25.7,31.3,26.5
Trinidad And Tobago,2014,26.9,32.8,31
Trinidad And Tobago,2015,24.3,30.1,27.3
Trinidad And Tobago,2016,27.9,33.5,30.8
Trinidad And Tobago,2017,23.1,31.9,28.1
Trinidad And Tobago,2018,28.2,32,31.5
Trinidad And Tobago,2019,24.8,30.4,29
Tunisia,2010,11.2,36.8,21.3
Tunisia,2011,9.8,32.6,17.9
Tunisia,2012,13.5,38.4,28.6
Tunisia,2013,14.9,34.9,22.7
Tunisia,2014,12.3,39.2,31.5
Tunisia,2015,10.6,37.5,19.8
Tunisia,2016,8.7,31.8,26.1
Tunisia,2017,12,40,14.5
Tunisia,2018,15.1,35.7,24
Tunisia,2019,9.5,33.4,33.2
Turkey,2010,0.2,38.7,15.7
Turkey,2011,-3.8,34.2,18.2
Turkey,2012,2.5,36.9,23.5
Turkey,2013,-1.6,39.4,11.9
Turkey,2014,3.9,31.5,28.1
Turkey,2015,-4.5,37.8,16.4
Turkey,2016,1.8,33.6,21.8
Turkey,2017,-2.1,35.1,13.6
Turkey,2018,4.3,32.7,19.3
Turkey,2019,-0.9,40,32
Turkmenistan,2010,2,40.3,18.7
Turkmenistan,2011,-3.3,38.5,22.4
Turkmenistan,2012,0.8,42.7,27.9
Turkmenistan,2013,-1.9,44.1,16.3
Turkmenistan,2014,3.5,37.8,32.1
Turkmenistan,2015,-4.2,41.5,19.8
Turkmenistan,2016,1.3,39.2,25.6
Turkmenistan,2017,-2.6,43.6,17.5
Turkmenistan,2018,4,36.9,21.2
Turkmenistan,2019,-0.6,45,36.7
Tuvalu,2010,26.5,32.8,29.8
Tuvalu,2011,27.8,31.5,30.5
Tuvalu,2012,25.9,33.2,28.9
Tuvalu,2013,26.2,32.1,30.1
Tuvalu,2014,25.5,33.6,29.3
Tuvalu,2015,27.3,31.9,30.9
Tuvalu,2016,25.1,34.2,28.6
Tuvalu,2017,26.9,32.6,31.2
Tuvalu,2018,26.6,33.9,29.7
Tuvalu,2019,27.1,32.3,30.3
Uganda,2010,17.2,31.3,24.6
Uganda,2011,19.8,26.9,26.8
Uganda,2012,22,33.6,22.3
Uganda,2013,16.5,27.8,28.1
Uganda,2014,20.1,30.5,25.7
Uganda,2015,18.3,34.2,21.9
Uganda,2016,21.5,28.7,29.5
Uganda,2017,15.9,32.1,23.4
Uganda,2018,22.8,29.8,27.2
Uganda,2019,18.7,35,20.5
Ukraine,2010,-8.1,29.1,-2.3
Ukraine,2011,-5.4,25.3,17.8
Ukraine,2012,-1.2,26.8,9.6
Ukraine,2013,-6.9,21.5,22.5
Ukraine,2014,-3.5,30.2,4.7
Ukraine,2015,-9.8,27.6,13.2
Ukraine,2016,-0.7,24.8,19.4
Ukraine,2017,-4.2,22.3,8.9
Ukraine,2018,-7.6,28.9,23.7
Ukraine,2019,-2.9,23.7,0.5
United Arab Emirates,2010,12.3,34.7,19.2
United Arab Emirates,2011,21.5,45.2,32.5
United Arab Emirates,2012,18.9,40.8,27.8
United Arab Emirates,2013,14.7,31.5,38.1
United Arab Emirates,2014,19.8,47.9,22.7
United Arab Emirates,2015,23.6,43.6,36.4
United Arab Emirates,2016,11.2,38.2,17.9
United Arab Emirates,2017,17.4,29.9,29.6
United Arab Emirates,2018,20.1,48.5,41.3
United Arab Emirates,2019,16.5,37.1,14.8
United Republic of Tanzania,2010,16.3,32.7,23.6
United Republic of Tanzania,2011,18.7,27.5,28.4
United Republic of Tanzania,2012,14.5,33.9,25.2
United Republic of Tanzania,2013,11.9,29.6,21.8
United Republic of Tanzania,2014,17.2,31.1,29.1
United Republic of Tanzania,2015,19.8,26.8,22.7
United Republic of Tanzania,2016,15.6,34.5,27.3
United Republic of Tanzania,2017,12.4,30.3,26.5
United Republic of Tanzania,2018,13.8,28.9,20.9
United Republic of Tanzania,2019,18.1,32.1,30.2
Uruguay,2010,7.3,22.1,17.2
Uruguay,2011,10.1,31.5,22.8
Uruguay,2012,12.4,27.8,14.5
Uruguay,2013,9.5,33.2,19.3
Uruguay,2014,6.8,26.6,12.7
Uruguay,2015,14.2,29.9,23.9
Uruguay,2016,13.7,23.7,18.6
Uruguay,2017,8.9,30.8,21
Uruguay,2018,11.3,34.6,16.8
Uruguay,2019,5.7,21.5,24.5
USA,2010,-16.2,32.5,23.5
USA,2011,-5.4,40.2,16.8
USA,2012,-9.9,26.8,30.2
USA,2013,-13.7,22.1,5.7
USA,2014,-1.8,37.6,34.9
USA,2015,-8.5,43,19.1
USA,2016,1.3,29.4,27.6
USA,2017,7.9,42.7,12.4
USA,2018,-11,35.9,38
USA,2019,3.6,24.8,8.3
Uzbekistan,2010,-7.2,41.5,19.3
Uzbekistan,2011,-3.5,36.7,26.8
Uzbekistan,2012,-9.8,30.2,12.5
Uzbekistan,2013,0.1,43.8,32.1
Uzbekistan,2014,-6.9,28.6,8.7
Uzbekistan,2015,-1.5,38.9,29.4
Uzbekistan,2016,-8.3,27.4,15.2
Uzbekistan,2017,3.2,44.2,22.6
Uzbekistan,2018,-5.1,26,31.9
Uzbekistan,2019,-0.7,39.7,17.8
Vanuatu,2010,21.1,31.7,25.6
Vanuatu,2011,19.5,26.5,28.3
Vanuatu,2012,24,28.9,24.9
Vanuatu,2013,20.3,32.4,26.8
Vanuatu,2014,22.8,27.8,29.1
Vanuatu,2015,25.2,30.3,23.7
Vanuatu,2016,18.7,25.6,27.5
Vanuatu,2017,23.4,29.8,29.9
Vanuatu,2018,26.5,31.2,22.4
Vanuatu,2019,20.9,33,30.2
Venezuela,2010,22.1,29.7,26.8
Venezuela,2011,19.8,31.5,30.5
Venezuela,2012,24.3,27.8,27.3
Venezuela,2013,20.5,33.2,31.2
Venezuela,2014,23.8,28.4,28.7
Venezuela,2015,21.2,30.9,29.9
Venezuela,2016,25.7,29.3,25.4
Venezuela,2017,22.4,34.1,32.1
Venezuela,2018,19.5,32.7,26.5
Venezuela,2019,24.9,28.1,30.2
Vietnam,2010,16.2,35.7,22.7
Vietnam,2011,18.8,31.5,31.5
Vietnam,2012,19.3,33.8,27.3
Vietnam,2013,17.5,38.2,33.2
Vietnam,2014,16.9,30.4,25.8
Vietnam,2015,18.2,35.9,29.9
Vietnam,2016,19.7,32.3,24.4
Vietnam,2017,16.4,37.1,34.1
Vietnam,2018,17.5,36.7,26.5
Vietnam,2019,18.9,31.1,30.2
West Bank,2010,7.2,30.7,18.2
West Bank,2011,9.5,31.8,24.9
West Bank,2012,12.1,27.6,21.5
West Bank,2013,10.8,33.2,26.8
West Bank,2014,6.3,29.1,15.7
West Bank,2015,8.9,26.4,29.4
West Bank,2016,11.2,34.8,22.6
West Bank,2017,13.7,28.5,27.3
West Bank,2018,6.9,32.1,19.8
West Bank,2019,14.5,25.9,23.5
Yemen,2010,15.2,38.7,23.8
Yemen,2011,17.9,32.5,27.1
Yemen,2012,13.4,43.2,31.5
Yemen,2013,11.8,37.8,25.6
Yemen,2014,18.5,40.5,29.3
Yemen,2015,14.7,31.6,22.7
Yemen,2016,19.8,44.1,33.9
Yemen,2017,16.3,36.9,26.8
Yemen,2018,12.5,42.3,34.2
Yemen,2019,19.1,39.8,28.5
Zambia,2010,19.3,32.4,26.4
Zambia,2011,13.7,26.7,22.8
Zambia,2012,22.1,29.8,28.1
Zambia,2013,16.5,33.2,24.9
Zambia,2014,20.8,27.9,21.7
Zambia,2015,12.4,31.5,29.5
Zambia,2016,18.9,34.6,27.3
Zambia,2017,15.2,28.6,23.6
Zambia,2018,23.5,30.9,30.2
Zambia,2019,17.6,35.1,25.8
Zimbabwe,2010,16.8,34.2,25.6
Zimbabwe,2011,8.5,30.8,22.3
Zimbabwe,2012,18.3,32.6,28.9
Zimbabwe,2013,13.2,28.5,21.8
Zimbabwe,2014,11.9,33.9,27.4
Zimbabwe,2015,19.7,26.3,23.9
Zimbabwe,2016,7.1,31.1,29.7
Zimbabwe,2017,15.6,35.8,24.5
Zimbabwe,2018,10.4,29.4,26.1
Zimbabwe,2019,6.9,27.7,30.5
